system_id,pdb,atoms,box_A,packing_density_g_mL,counts,byteff_system,mol_ratio,salt,temperature_K,run_temperature_K,property,value,unit,doi,source,production_leg,npt_eq_steps,production_steps,minimize_iterations,timestep_fs,friction_per_ps,pressure_bar,seeds,forcefield,notes,ensemble,eq_steps,eq_time_ps,prod_time_ps,engine,eq_ensemble,prod_ensemble
BF-204DEC-26Li-26TFSI,artifacts/exp_systems/BF-204DEC-26Li-26TFSI.pdb,4088,37.549,0.9900000000000001,"{""DEC"": 204, ""Li"": 26, ""TFSI"": 26}",DEC:LiTFSI,204:26,LiTFSI,293,293.15,conductivity,2.09,mS/cm,10.1039/D4SC05464D,"ByteFF-Pol Nature Communications 2026, Source Data Figure 4_c",npt_eq+nvt_prod,400000,2000000,1000,0.5,1.0,1.0,"101,102,103",/home/changjh/MD_projects/PhyNEO-Electrolyte/examples/md_simulation/phyneo_hmtff_admp.xml,"box sized from an estimated density; experimental column is the measured property; transport comparison uses the provisional Green-Kubo reporter; duration is 1/5 of the previous 1 ns + 5 ns plan: 0.2 ns equilibration and 1.0 ns production at 0.5 fs. equilibration is NPT at 1 bar; density production stays NPT, viscosity and conductivity switch to NVT from the saved state",nvt,400000,200,1000,merged-short-range,npt,nvt
BF-204DEC-26Li-26TFSI,artifacts/exp_systems/BF-204DEC-26Li-26TFSI.pdb,4088,37.549,0.9900000000000001,"{""DEC"": 204, ""Li"": 26, ""TFSI"": 26}",DEC:LiTFSI,204:26,LiTFSI,303,303.15,conductivity,2.38,mS/cm,10.1039/D4SC05464D,"ByteFF-Pol Nature Communications 2026, Source Data Figure 4_c",npt_eq+nvt_prod,400000,2000000,1000,0.5,1.0,1.0,"101,102,103",/home/changjh/MD_projects/PhyNEO-Electrolyte/examples/md_simulation/phyneo_hmtff_admp.xml,"box sized from an estimated density; experimental column is the measured property; transport comparison uses the provisional Green-Kubo reporter; duration is 1/5 of the previous 1 ns + 5 ns plan: 0.2 ns equilibration and 1.0 ns production at 0.5 fs. equilibration is NPT at 1 bar; density production stays NPT, viscosity and conductivity switch to NVT from the saved state",nvt,400000,200,1000,merged-short-range,npt,nvt
BF-204DEC-26Li-26TFSI,artifacts/exp_systems/BF-204DEC-26Li-26TFSI.pdb,4088,37.549,0.9900000000000001,"{""DEC"": 204, ""Li"": 26, ""TFSI"": 26}",DEC:LiTFSI,204:26,LiTFSI,313,313.15,conductivity,2.64,mS/cm,10.1039/D4SC05464D,"ByteFF-Pol Nature Communications 2026, Source Data Figure 4_c",npt_eq+nvt_prod,400000,2000000,1000,0.5,1.0,1.0,"101,102,103",/home/changjh/MD_projects/PhyNEO-Electrolyte/examples/md_simulation/phyneo_hmtff_admp.xml,"box sized from an estimated density; experimental column is the measured property; transport comparison uses the provisional Green-Kubo reporter; duration is 1/5 of the previous 1 ns + 5 ns plan: 0.2 ns equilibration and 1.0 ns production at 0.5 fs. equilibration is NPT at 1 bar; density production stays NPT, viscosity and conductivity switch to NVT from the saved state",nvt,400000,200,1000,merged-short-range,npt,nvt
BF-204DEC-26Li-26TFSI,artifacts/exp_systems/BF-204DEC-26Li-26TFSI.pdb,4088,37.549,0.9900000000000001,"{""DEC"": 204, ""Li"": 26, ""TFSI"": 26}",DEC:LiTFSI,204:26,LiTFSI,323,323.15,conductivity,2.91,mS/cm,10.1039/D4SC05464D,"ByteFF-Pol Nature Communications 2026, Source Data Figure 4_c",npt_eq+nvt_prod,400000,2000000,1000,0.5,1.0,1.0,"101,102,103",/home/changjh/MD_projects/PhyNEO-Electrolyte/examples/md_simulation/phyneo_hmtff_admp.xml,"box sized from an estimated density; experimental column is the measured property; transport comparison uses the provisional Green-Kubo reporter; duration is 1/5 of the previous 1 ns + 5 ns plan: 0.2 ns equilibration and 1.0 ns production at 0.5 fs. equilibration is NPT at 1 bar; density production stays NPT, viscosity and conductivity switch to NVT from the saved state",nvt,400000,200,1000,merged-short-range,npt,nvt
BF-204DEC-26Li-26TFSI,artifacts/exp_systems/BF-204DEC-26Li-26TFSI.pdb,4088,37.549,0.9900000000000001,"{""DEC"": 204, ""Li"": 26, ""TFSI"": 26}",DEC:LiTFSI,204:26,LiTFSI,333,333.15,conductivity,3.2,mS/cm,10.1039/D4SC05464D,"ByteFF-Pol Nature Communications 2026, Source Data Figure 4_c",npt_eq+nvt_prod,400000,2000000,1000,0.5,1.0,1.0,"101,102,103",/home/changjh/MD_projects/PhyNEO-Electrolyte/examples/md_simulation/phyneo_hmtff_admp.xml,"box sized from an estimated density; experimental column is the measured property; transport comparison uses the provisional Green-Kubo reporter; duration is 1/5 of the previous 1 ns + 5 ns plan: 0.2 ns equilibration and 1.0 ns production at 0.5 fs. equilibration is NPT at 1 bar; density production stays NPT, viscosity and conductivity switch to NVT from the saved state",nvt,400000,200,1000,merged-short-range,npt,nvt
BF-204DEC-26Li-26TFSI,artifacts/exp_systems/BF-204DEC-26Li-26TFSI.pdb,4088,37.549,0.9900000000000001,"{""DEC"": 204, ""Li"": 26, ""TFSI"": 26}",DEC:LiTFSI,204:26,LiTFSI,343,343.15,conductivity,3.48,mS/cm,10.1039/D4SC05464D,"ByteFF-Pol Nature Communications 2026, Source Data Figure 4_c",npt_eq+nvt_prod,400000,2000000,1000,0.5,1.0,1.0,"101,102,103",/home/changjh/MD_projects/PhyNEO-Electrolyte/examples/md_simulation/phyneo_hmtff_admp.xml,"box sized from an estimated density; experimental column is the measured property; transport comparison uses the provisional Green-Kubo reporter; duration is 1/5 of the previous 1 ns + 5 ns plan: 0.2 ns equilibration and 1.0 ns production at 0.5 fs. equilibration is NPT at 1 bar; density production stays NPT, viscosity and conductivity switch to NVT from the saved state",nvt,400000,200,1000,merged-short-range,npt,nvt
BF-179EC-179DMC-27LiPF6,artifacts/exp_systems/BF-179EC-179DMC-27LiPF6.pdb,4154,37.591,1.125,"{""DMC"": 179, ""EC"": 179, ""Li"": 27, ""PF6"": 27}",DMC:EC:LiPF6,179:179:27,LiPF6,293,293.15,conductivity,10.8,mS/cm,doi.org/10.1007/978-1-4939-0302-3,"ByteFF-Pol Nature Communications 2026, Source Data Figure 4_c",npt_eq+nvt_prod,400000,2000000,1000,0.5,1.0,1.0,"101,102,103",/home/changjh/MD_projects/PhyNEO-Electrolyte/examples/md_simulation/phyneo_hmtff_admp.xml,"box sized from an estimated density; experimental column is the measured property; transport comparison uses the provisional Green-Kubo reporter; duration is 1/5 of the previous 1 ns + 5 ns plan: 0.2 ns equilibration and 1.0 ns production at 0.5 fs. equilibration is NPT at 1 bar; density production stays NPT, viscosity and conductivity switch to NVT from the saved state",nvt,400000,200,1000,merged-short-range,npt,nvt
BF-166EC-166DMC-25LiTFSI,artifacts/exp_systems/BF-166EC-166DMC-25LiTFSI.pdb,4052,37.556,1.1520000000000001,"{""DMC"": 166, ""EC"": 166, ""Li"": 25, ""TFSI"": 25}",DMC:EC:LiTFSI,166:166:25,LiTFSI,293,293.15,conductivity,9.0,mS/cm,doi.org/10.1007/978-1-4939-0302-3,"ByteFF-Pol Nature Communications 2026, Source Data Figure 4_c",npt_eq+nvt_prod,400000,2000000,1000,0.5,1.0,1.0,"101,102,103",/home/changjh/MD_projects/PhyNEO-Electrolyte/examples/md_simulation/phyneo_hmtff_admp.xml,"box sized from an estimated density; experimental column is the measured property; transport comparison uses the provisional Green-Kubo reporter; duration is 1/5 of the previous 1 ns + 5 ns plan: 0.2 ns equilibration and 1.0 ns production at 0.5 fs. equilibration is NPT at 1 bar; density production stays NPT, viscosity and conductivity switch to NVT from the saved state",nvt,400000,200,1000,merged-short-range,npt,nvt
BF-305DMC-55LiPF6,artifacts/exp_systems/BF-305DMC-55LiPF6.pdb,4100,37.945,1.089,"{""DMC"": 305, ""Li"": 55, ""PF6"": 55}",DMC:LiPF6,305:55,LiPF6,273,273.15,conductivity,6.19,mS/cm,10.1149/2.0981803jes,"ByteFF-Pol Nature Communications 2026, Source Data Figure 4_c",npt_eq+nvt_prod,400000,2000000,1000,0.5,1.0,1.0,"101,102,103",/home/changjh/MD_projects/PhyNEO-Electrolyte/examples/md_simulation/phyneo_hmtff_admp.xml,"box sized from an estimated density; experimental column is the measured property; transport comparison uses the provisional Green-Kubo reporter; duration is 1/5 of the previous 1 ns + 5 ns plan: 0.2 ns equilibration and 1.0 ns production at 0.5 fs. equilibration is NPT at 1 bar; density production stays NPT, viscosity and conductivity switch to NVT from the saved state",nvt,400000,200,1000,merged-short-range,npt,nvt
BF-305DMC-55LiPF6,artifacts/exp_systems/BF-305DMC-55LiPF6.pdb,4100,37.945,1.089,"{""DMC"": 305, ""Li"": 55, ""PF6"": 55}",DMC:LiPF6,305:55,LiPF6,283,283.15,conductivity,7.64,mS/cm,10.1149/2.0981803jes,"ByteFF-Pol Nature Communications 2026, Source Data Figure 4_c",npt_eq+nvt_prod,400000,2000000,1000,0.5,1.0,1.0,"101,102,103",/home/changjh/MD_projects/PhyNEO-Electrolyte/examples/md_simulation/phyneo_hmtff_admp.xml,"box sized from an estimated density; experimental column is the measured property; transport comparison uses the provisional Green-Kubo reporter; duration is 1/5 of the previous 1 ns + 5 ns plan: 0.2 ns equilibration and 1.0 ns production at 0.5 fs. equilibration is NPT at 1 bar; density production stays NPT, viscosity and conductivity switch to NVT from the saved state",nvt,400000,200,1000,merged-short-range,npt,nvt
BF-305DMC-55LiPF6,artifacts/exp_systems/BF-305DMC-55LiPF6.pdb,4100,37.945,1.089,"{""DMC"": 305, ""Li"": 55, ""PF6"": 55}",DMC:LiPF6,305:55,LiPF6,293,293.15,conductivity,9.2,mS/cm,10.1149/2.0981803jes,"ByteFF-Pol Nature Communications 2026, Source Data Figure 4_c",npt_eq+nvt_prod,400000,2000000,1000,0.5,1.0,1.0,"101,102,103",/home/changjh/MD_projects/PhyNEO-Electrolyte/examples/md_simulation/phyneo_hmtff_admp.xml,"box sized from an estimated density; experimental column is the measured property; transport comparison uses the provisional Green-Kubo reporter; duration is 1/5 of the previous 1 ns + 5 ns plan: 0.2 ns equilibration and 1.0 ns production at 0.5 fs. equilibration is NPT at 1 bar; density production stays NPT, viscosity and conductivity switch to NVT from the saved state",nvt,400000,200,1000,merged-short-range,npt,nvt
BF-305DMC-55LiPF6,artifacts/exp_systems/BF-305DMC-55LiPF6.pdb,4100,37.945,1.089,"{""DMC"": 305, ""Li"": 55, ""PF6"": 55}",DMC:LiPF6,305:55,LiPF6,303,303.15,conductivity,10.71,mS/cm,10.1149/2.0981803jes,"ByteFF-Pol Nature Communications 2026, Source Data Figure 4_c",npt_eq+nvt_prod,400000,2000000,1000,0.5,1.0,1.0,"101,102,103",/home/changjh/MD_projects/PhyNEO-Electrolyte/examples/md_simulation/phyneo_hmtff_admp.xml,"box sized from an estimated density; experimental column is the measured property; transport comparison uses the provisional Green-Kubo reporter; duration is 1/5 of the previous 1 ns + 5 ns plan: 0.2 ns equilibration and 1.0 ns production at 0.5 fs. equilibration is NPT at 1 bar; density production stays NPT, viscosity and conductivity switch to NVT from the saved state",nvt,400000,200,1000,merged-short-range,npt,nvt
BF-305DMC-55LiPF6,artifacts/exp_systems/BF-305DMC-55LiPF6.pdb,4100,37.945,1.089,"{""DMC"": 305, ""Li"": 55, ""PF6"": 55}",DMC:LiPF6,305:55,LiPF6,313,313.15,conductivity,11.95,mS/cm,10.1149/2.0981803jes,"ByteFF-Pol Nature Communications 2026, Source Data Figure 4_c",npt_eq+nvt_prod,400000,2000000,1000,0.5,1.0,1.0,"101,102,103",/home/changjh/MD_projects/PhyNEO-Electrolyte/examples/md_simulation/phyneo_hmtff_admp.xml,"box sized from an estimated density; experimental column is the measured property; transport comparison uses the provisional Green-Kubo reporter; duration is 1/5 of the previous 1 ns + 5 ns plan: 0.2 ns equilibration and 1.0 ns production at 0.5 fs. equilibration is NPT at 1 bar; density production stays NPT, viscosity and conductivity switch to NVT from the saved state",nvt,400000,200,1000,merged-short-range,npt,nvt
BF-311DMC-42LiPF6,artifacts/exp_systems/BF-311DMC-42LiPF6.pdb,4068,37.746,1.062,"{""DMC"": 311, ""Li"": 42, ""PF6"": 42}",DMC:LiPF6,311:42,LiPF6,273,273.15,conductivity,6.09,mS/cm,10.1149/2.0981803jes,"ByteFF-Pol Nature Communications 2026, Source Data Figure 4_c",npt_eq+nvt_prod,400000,2000000,1000,0.5,1.0,1.0,"101,102,103",/home/changjh/MD_projects/PhyNEO-Electrolyte/examples/md_simulation/phyneo_hmtff_admp.xml,"box sized from an estimated density; experimental column is the measured property; transport comparison uses the provisional Green-Kubo reporter; duration is 1/5 of the previous 1 ns + 5 ns plan: 0.2 ns equilibration and 1.0 ns production at 0.5 fs. equilibration is NPT at 1 bar; density production stays NPT, viscosity and conductivity switch to NVT from the saved state",nvt,400000,200,1000,merged-short-range,npt,nvt
BF-311DMC-42LiPF6,artifacts/exp_systems/BF-311DMC-42LiPF6.pdb,4068,37.746,1.062,"{""DMC"": 311, ""Li"": 42, ""PF6"": 42}",DMC:LiPF6,311:42,LiPF6,283,283.15,conductivity,7.41,mS/cm,10.1149/2.0981803jes,"ByteFF-Pol Nature Communications 2026, Source Data Figure 4_c",npt_eq+nvt_prod,400000,2000000,1000,0.5,1.0,1.0,"101,102,103",/home/changjh/MD_projects/PhyNEO-Electrolyte/examples/md_simulation/phyneo_hmtff_admp.xml,"box sized from an estimated density; experimental column is the measured property; transport comparison uses the provisional Green-Kubo reporter; duration is 1/5 of the previous 1 ns + 5 ns plan: 0.2 ns equilibration and 1.0 ns production at 0.5 fs. equilibration is NPT at 1 bar; density production stays NPT, viscosity and conductivity switch to NVT from the saved state",nvt,400000,200,1000,merged-short-range,npt,nvt
BF-311DMC-42LiPF6,artifacts/exp_systems/BF-311DMC-42LiPF6.pdb,4068,37.746,1.062,"{""DMC"": 311, ""Li"": 42, ""PF6"": 42}",DMC:LiPF6,311:42,LiPF6,293,293.15,conductivity,8.78,mS/cm,10.1149/2.0981803jes,"ByteFF-Pol Nature Communications 2026, Source Data Figure 4_c",npt_eq+nvt_prod,400000,2000000,1000,0.5,1.0,1.0,"101,102,103",/home/changjh/MD_projects/PhyNEO-Electrolyte/examples/md_simulation/phyneo_hmtff_admp.xml,"box sized from an estimated density; experimental column is the measured property; transport comparison uses the provisional Green-Kubo reporter; duration is 1/5 of the previous 1 ns + 5 ns plan: 0.2 ns equilibration and 1.0 ns production at 0.5 fs. equilibration is NPT at 1 bar; density production stays NPT, viscosity and conductivity switch to NVT from the saved state",nvt,400000,200,1000,merged-short-range,npt,nvt
BF-311DMC-42LiPF6,artifacts/exp_systems/BF-311DMC-42LiPF6.pdb,4068,37.746,1.062,"{""DMC"": 311, ""Li"": 42, ""PF6"": 42}",DMC:LiPF6,311:42,LiPF6,303,303.15,conductivity,10.15,mS/cm,10.1149/2.0981803jes,"ByteFF-Pol Nature Communications 2026, Source Data Figure 4_c",npt_eq+nvt_prod,400000,2000000,1000,0.5,1.0,1.0,"101,102,103",/home/changjh/MD_projects/PhyNEO-Electrolyte/examples/md_simulation/phyneo_hmtff_admp.xml,"box sized from an estimated density; experimental column is the measured property; transport comparison uses the provisional Green-Kubo reporter; duration is 1/5 of the previous 1 ns + 5 ns plan: 0.2 ns equilibration and 1.0 ns production at 0.5 fs. equilibration is NPT at 1 bar; density production stays NPT, viscosity and conductivity switch to NVT from the saved state",nvt,400000,200,1000,merged-short-range,npt,nvt
BF-311DMC-42LiPF6,artifacts/exp_systems/BF-311DMC-42LiPF6.pdb,4068,37.746,1.062,"{""DMC"": 311, ""Li"": 42, ""PF6"": 42}",DMC:LiPF6,311:42,LiPF6,313,313.15,conductivity,10.9,mS/cm,10.1149/2.0981803jes,"ByteFF-Pol Nature Communications 2026, Source Data Figure 4_c",npt_eq+nvt_prod,400000,2000000,1000,0.5,1.0,1.0,"101,102,103",/home/changjh/MD_projects/PhyNEO-Electrolyte/examples/md_simulation/phyneo_hmtff_admp.xml,"box sized from an estimated density; experimental column is the measured property; transport comparison uses the provisional Green-Kubo reporter; duration is 1/5 of the previous 1 ns + 5 ns plan: 0.2 ns equilibration and 1.0 ns production at 0.5 fs. equilibration is NPT at 1 bar; density production stays NPT, viscosity and conductivity switch to NVT from the saved state",nvt,400000,200,1000,merged-short-range,npt,nvt
BF-322DMC-29LiPF6,artifacts/exp_systems/BF-322DMC-29LiPF6.pdb,4096,37.705,1.035,"{""DMC"": 322, ""Li"": 29, ""PF6"": 29}",DMC:LiPF6,322:29,LiPF6,273,273.15,conductivity,5.73,mS/cm,10.1149/2.0981803jes,"ByteFF-Pol Nature Communications 2026, Source Data Figure 4_c",npt_eq+nvt_prod,400000,2000000,1000,0.5,1.0,1.0,"101,102,103",/home/changjh/MD_projects/PhyNEO-Electrolyte/examples/md_simulation/phyneo_hmtff_admp.xml,"box sized from an estimated density; experimental column is the measured property; transport comparison uses the provisional Green-Kubo reporter; duration is 1/5 of the previous 1 ns + 5 ns plan: 0.2 ns equilibration and 1.0 ns production at 0.5 fs. equilibration is NPT at 1 bar; density production stays NPT, viscosity and conductivity switch to NVT from the saved state",nvt,400000,200,1000,merged-short-range,npt,nvt
BF-322DMC-29LiPF6,artifacts/exp_systems/BF-322DMC-29LiPF6.pdb,4096,37.705,1.035,"{""DMC"": 322, ""Li"": 29, ""PF6"": 29}",DMC:LiPF6,322:29,LiPF6,283,283.15,conductivity,6.24,mS/cm,10.1149/2.0981803jes,"ByteFF-Pol Nature Communications 2026, Source Data Figure 4_c",npt_eq+nvt_prod,400000,2000000,1000,0.5,1.0,1.0,"101,102,103",/home/changjh/MD_projects/PhyNEO-Electrolyte/examples/md_simulation/phyneo_hmtff_admp.xml,"box sized from an estimated density; experimental column is the measured property; transport comparison uses the provisional Green-Kubo reporter; duration is 1/5 of the previous 1 ns + 5 ns plan: 0.2 ns equilibration and 1.0 ns production at 0.5 fs. equilibration is NPT at 1 bar; density production stays NPT, viscosity and conductivity switch to NVT from the saved state",nvt,400000,200,1000,merged-short-range,npt,nvt
BF-322DMC-29LiPF6,artifacts/exp_systems/BF-322DMC-29LiPF6.pdb,4096,37.705,1.035,"{""DMC"": 322, ""Li"": 29, ""PF6"": 29}",DMC:LiPF6,322:29,LiPF6,293,293.15,conductivity,7.17,mS/cm,10.1149/2.0981803jes,"ByteFF-Pol Nature Communications 2026, Source Data Figure 4_c",npt_eq+nvt_prod,400000,2000000,1000,0.5,1.0,1.0,"101,102,103",/home/changjh/MD_projects/PhyNEO-Electrolyte/examples/md_simulation/phyneo_hmtff_admp.xml,"box sized from an estimated density; experimental column is the measured property; transport comparison uses the provisional Green-Kubo reporter; duration is 1/5 of the previous 1 ns + 5 ns plan: 0.2 ns equilibration and 1.0 ns production at 0.5 fs. equilibration is NPT at 1 bar; density production stays NPT, viscosity and conductivity switch to NVT from the saved state",nvt,400000,200,1000,merged-short-range,npt,nvt
BF-322DMC-29LiPF6,artifacts/exp_systems/BF-322DMC-29LiPF6.pdb,4096,37.705,1.035,"{""DMC"": 322, ""Li"": 29, ""PF6"": 29}",DMC:LiPF6,322:29,LiPF6,303,303.15,conductivity,7.92,mS/cm,10.1149/2.0981803jes,"ByteFF-Pol Nature Communications 2026, Source Data Figure 4_c",npt_eq+nvt_prod,400000,2000000,1000,0.5,1.0,1.0,"101,102,103",/home/changjh/MD_projects/PhyNEO-Electrolyte/examples/md_simulation/phyneo_hmtff_admp.xml,"box sized from an estimated density; experimental column is the measured property; transport comparison uses the provisional Green-Kubo reporter; duration is 1/5 of the previous 1 ns + 5 ns plan: 0.2 ns equilibration and 1.0 ns production at 0.5 fs. equilibration is NPT at 1 bar; density production stays NPT, viscosity and conductivity switch to NVT from the saved state",nvt,400000,200,1000,merged-short-range,npt,nvt
BF-322DMC-29LiPF6,artifacts/exp_systems/BF-322DMC-29LiPF6.pdb,4096,37.705,1.035,"{""DMC"": 322, ""Li"": 29, ""PF6"": 29}",DMC:LiPF6,322:29,LiPF6,313,313.15,conductivity,8.59,mS/cm,10.1149/2.0981803jes,"ByteFF-Pol Nature Communications 2026, Source Data Figure 4_c",npt_eq+nvt_prod,400000,2000000,1000,0.5,1.0,1.0,"101,102,103",/home/changjh/MD_projects/PhyNEO-Electrolyte/examples/md_simulation/phyneo_hmtff_admp.xml,"box sized from an estimated density; experimental column is the measured property; transport comparison uses the provisional Green-Kubo reporter; duration is 1/5 of the previous 1 ns + 5 ns plan: 0.2 ns equilibration and 1.0 ns production at 0.5 fs. equilibration is NPT at 1 bar; density production stays NPT, viscosity and conductivity switch to NVT from the saved state",nvt,400000,200,1000,merged-short-range,npt,nvt
BF-333DMC-15LiPF6,artifacts/exp_systems/BF-333DMC-15LiPF6.pdb,4116,37.715,0.9990000000000001,"{""DMC"": 333, ""Li"": 15, ""PF6"": 15}",DMC:LiPF6,333:15,LiPF6,283,283.15,conductivity,2.26,mS/cm,10.1149/2.0981803jes,"ByteFF-Pol Nature Communications 2026, Source Data Figure 4_c",npt_eq+nvt_prod,400000,2000000,1000,0.5,1.0,1.0,"101,102,103",/home/changjh/MD_projects/PhyNEO-Electrolyte/examples/md_simulation/phyneo_hmtff_admp.xml,"box sized from an estimated density; experimental column is the measured property; transport comparison uses the provisional Green-Kubo reporter; duration is 1/5 of the previous 1 ns + 5 ns plan: 0.2 ns equilibration and 1.0 ns production at 0.5 fs. equilibration is NPT at 1 bar; density production stays NPT, viscosity and conductivity switch to NVT from the saved state",nvt,400000,200,1000,merged-short-range,npt,nvt
BF-333DMC-15LiPF6,artifacts/exp_systems/BF-333DMC-15LiPF6.pdb,4116,37.715,0.9990000000000001,"{""DMC"": 333, ""Li"": 15, ""PF6"": 15}",DMC:LiPF6,333:15,LiPF6,293,293.15,conductivity,2.53,mS/cm,10.1149/2.0981803jes,"ByteFF-Pol Nature Communications 2026, Source Data Figure 4_c",npt_eq+nvt_prod,400000,2000000,1000,0.5,1.0,1.0,"101,102,103",/home/changjh/MD_projects/PhyNEO-Electrolyte/examples/md_simulation/phyneo_hmtff_admp.xml,"box sized from an estimated density; experimental column is the measured property; transport comparison uses the provisional Green-Kubo reporter; duration is 1/5 of the previous 1 ns + 5 ns plan: 0.2 ns equilibration and 1.0 ns production at 0.5 fs. equilibration is NPT at 1 bar; density production stays NPT, viscosity and conductivity switch to NVT from the saved state",nvt,400000,200,1000,merged-short-range,npt,nvt
BF-333DMC-15LiPF6,artifacts/exp_systems/BF-333DMC-15LiPF6.pdb,4116,37.715,0.9990000000000001,"{""DMC"": 333, ""Li"": 15, ""PF6"": 15}",DMC:LiPF6,333:15,LiPF6,303,303.15,conductivity,2.7,mS/cm,10.1149/2.0981803jes,"ByteFF-Pol Nature Communications 2026, Source Data Figure 4_c",npt_eq+nvt_prod,400000,2000000,1000,0.5,1.0,1.0,"101,102,103",/home/changjh/MD_projects/PhyNEO-Electrolyte/examples/md_simulation/phyneo_hmtff_admp.xml,"box sized from an estimated density; experimental column is the measured property; transport comparison uses the provisional Green-Kubo reporter; duration is 1/5 of the previous 1 ns + 5 ns plan: 0.2 ns equilibration and 1.0 ns production at 0.5 fs. equilibration is NPT at 1 bar; density production stays NPT, viscosity and conductivity switch to NVT from the saved state",nvt,400000,200,1000,merged-short-range,npt,nvt
BF-333DMC-15LiPF6,artifacts/exp_systems/BF-333DMC-15LiPF6.pdb,4116,37.715,0.9990000000000001,"{""DMC"": 333, ""Li"": 15, ""PF6"": 15}",DMC:LiPF6,333:15,LiPF6,313,313.15,conductivity,2.85,mS/cm,10.1149/2.0981803jes,"ByteFF-Pol Nature Communications 2026, Source Data Figure 4_c",npt_eq+nvt_prod,400000,2000000,1000,0.5,1.0,1.0,"101,102,103",/home/changjh/MD_projects/PhyNEO-Electrolyte/examples/md_simulation/phyneo_hmtff_admp.xml,"box sized from an estimated density; experimental column is the measured property; transport comparison uses the provisional Green-Kubo reporter; duration is 1/5 of the previous 1 ns + 5 ns plan: 0.2 ns equilibration and 1.0 ns production at 0.5 fs. equilibration is NPT at 1 bar; density production stays NPT, viscosity and conductivity switch to NVT from the saved state",nvt,400000,200,1000,merged-short-range,npt,nvt
BF-305DMC-27LiTFSI,artifacts/exp_systems/BF-305DMC-27LiTFSI.pdb,4092,38.048,1.062,"{""DMC"": 305, ""Li"": 27, ""TFSI"": 27}",DMC:LiTFSI,305:27,LiTFSI,293,293.15,conductivity,4.03,mS/cm,10.1039/D4SC05464D,"ByteFF-Pol Nature Communications 2026, Source Data Figure 4_c",npt_eq+nvt_prod,400000,2000000,1000,0.5,1.0,1.0,"101,102,103",/home/changjh/MD_projects/PhyNEO-Electrolyte/examples/md_simulation/phyneo_hmtff_admp.xml,"box sized from an estimated density; experimental column is the measured property; transport comparison uses the provisional Green-Kubo reporter; duration is 1/5 of the previous 1 ns + 5 ns plan: 0.2 ns equilibration and 1.0 ns production at 0.5 fs. equilibration is NPT at 1 bar; density production stays NPT, viscosity and conductivity switch to NVT from the saved state",nvt,400000,200,1000,merged-short-range,npt,nvt
BF-305DMC-27LiTFSI,artifacts/exp_systems/BF-305DMC-27LiTFSI.pdb,4092,38.048,1.062,"{""DMC"": 305, ""Li"": 27, ""TFSI"": 27}",DMC:LiTFSI,305:27,LiTFSI,303,303.15,conductivity,4.46,mS/cm,10.1039/D4SC05464D,"ByteFF-Pol Nature Communications 2026, Source Data Figure 4_c",npt_eq+nvt_prod,400000,2000000,1000,0.5,1.0,1.0,"101,102,103",/home/changjh/MD_projects/PhyNEO-Electrolyte/examples/md_simulation/phyneo_hmtff_admp.xml,"box sized from an estimated density; experimental column is the measured property; transport comparison uses the provisional Green-Kubo reporter; duration is 1/5 of the previous 1 ns + 5 ns plan: 0.2 ns equilibration and 1.0 ns production at 0.5 fs. equilibration is NPT at 1 bar; density production stays NPT, viscosity and conductivity switch to NVT from the saved state",nvt,400000,200,1000,merged-short-range,npt,nvt
BF-305DMC-27LiTFSI,artifacts/exp_systems/BF-305DMC-27LiTFSI.pdb,4092,38.048,1.062,"{""DMC"": 305, ""Li"": 27, ""TFSI"": 27}",DMC:LiTFSI,305:27,LiTFSI,313,313.15,conductivity,4.94,mS/cm,10.1039/D4SC05464D,"ByteFF-Pol Nature Communications 2026, Source Data Figure 4_c",npt_eq+nvt_prod,400000,2000000,1000,0.5,1.0,1.0,"101,102,103",/home/changjh/MD_projects/PhyNEO-Electrolyte/examples/md_simulation/phyneo_hmtff_admp.xml,"box sized from an estimated density; experimental column is the measured property; transport comparison uses the provisional Green-Kubo reporter; duration is 1/5 of the previous 1 ns + 5 ns plan: 0.2 ns equilibration and 1.0 ns production at 0.5 fs. equilibration is NPT at 1 bar; density production stays NPT, viscosity and conductivity switch to NVT from the saved state",nvt,400000,200,1000,merged-short-range,npt,nvt
BF-305DMC-27LiTFSI,artifacts/exp_systems/BF-305DMC-27LiTFSI.pdb,4092,38.048,1.062,"{""DMC"": 305, ""Li"": 27, ""TFSI"": 27}",DMC:LiTFSI,305:27,LiTFSI,323,323.15,conductivity,5.4,mS/cm,10.1039/D4SC05464D,"ByteFF-Pol Nature Communications 2026, Source Data Figure 4_c",npt_eq+nvt_prod,400000,2000000,1000,0.5,1.0,1.0,"101,102,103",/home/changjh/MD_projects/PhyNEO-Electrolyte/examples/md_simulation/phyneo_hmtff_admp.xml,"box sized from an estimated density; experimental column is the measured property; transport comparison uses the provisional Green-Kubo reporter; duration is 1/5 of the previous 1 ns + 5 ns plan: 0.2 ns equilibration and 1.0 ns production at 0.5 fs. equilibration is NPT at 1 bar; density production stays NPT, viscosity and conductivity switch to NVT from the saved state",nvt,400000,200,1000,merged-short-range,npt,nvt
BF-305DMC-27LiTFSI,artifacts/exp_systems/BF-305DMC-27LiTFSI.pdb,4092,38.048,1.062,"{""DMC"": 305, ""Li"": 27, ""TFSI"": 27}",DMC:LiTFSI,305:27,LiTFSI,333,333.15,conductivity,5.82,mS/cm,10.1039/D4SC05464D,"ByteFF-Pol Nature Communications 2026, Source Data Figure 4_c",npt_eq+nvt_prod,400000,2000000,1000,0.5,1.0,1.0,"101,102,103",/home/changjh/MD_projects/PhyNEO-Electrolyte/examples/md_simulation/phyneo_hmtff_admp.xml,"box sized from an estimated density; experimental column is the measured property; transport comparison uses the provisional Green-Kubo reporter; duration is 1/5 of the previous 1 ns + 5 ns plan: 0.2 ns equilibration and 1.0 ns production at 0.5 fs. equilibration is NPT at 1 bar; density production stays NPT, viscosity and conductivity switch to NVT from the saved state",nvt,400000,200,1000,merged-short-range,npt,nvt
BF-305DMC-27LiTFSI,artifacts/exp_systems/BF-305DMC-27LiTFSI.pdb,4092,38.048,1.062,"{""DMC"": 305, ""Li"": 27, ""TFSI"": 27}",DMC:LiTFSI,305:27,LiTFSI,343,343.15,conductivity,6.24,mS/cm,10.1039/D4SC05464D,"ByteFF-Pol Nature Communications 2026, Source Data Figure 4_c",npt_eq+nvt_prod,400000,2000000,1000,0.5,1.0,1.0,"101,102,103",/home/changjh/MD_projects/PhyNEO-Electrolyte/examples/md_simulation/phyneo_hmtff_admp.xml,"box sized from an estimated density; experimental column is the measured property; transport comparison uses the provisional Green-Kubo reporter; duration is 1/5 of the previous 1 ns + 5 ns plan: 0.2 ns equilibration and 1.0 ns production at 0.5 fs. equilibration is NPT at 1 bar; density production stays NPT, viscosity and conductivity switch to NVT from the saved state",nvt,400000,200,1000,merged-short-range,npt,nvt
BF-170EC-153DMC-15EMC-34LiPF6,artifacts/exp_systems/BF-170EC-153DMC-15EMC-34LiPF6.pdb,4033,37.186,1.1457,"{""DMC"": 153, ""EC"": 170, ""EMC"": 15, ""Li"": 34, ""PF6"": 34}",EC:DMC:EMC:LiPF6,170:153:15:34,LiPF6,300,300.15,conductivity,12.18,mS/cm,10.1038/s41467-022-32938-1,"ByteFF-Pol Nature Communications 2026, Source Data Figure 4_c",npt_eq+nvt_prod,400000,2000000,1000,0.5,1.0,1.0,"101,102,103",/home/changjh/MD_projects/PhyNEO-Electrolyte/examples/md_simulation/phyneo_hmtff_admp.xml,"transport comparison uses the provisional Green-Kubo reporter; duration is 1/5 of the previous 1 ns + 5 ns plan: 0.2 ns equilibration and 1.0 ns production at 0.5 fs. equilibration is NPT at 1 bar; density production stays NPT, viscosity and conductivity switch to NVT from the saved state",nvt,400000,200,1000,merged-short-range,npt,nvt
BF-100EC-275DMC-17EMC-28Li-28FSI,artifacts/exp_systems/BF-100EC-275DMC-17EMC-28Li-28FSI.pdb,4835,39.598,1.0854,"{""DMC"": 275, ""EC"": 100, ""EMC"": 17, ""FSI"": 28, ""Li"": 28}",DMC:EC:EMC:LiFSI,275:100:17:28,LiFSI,298,298.15,density,1.206,g/mL,,"ByteFF-Pol Nature Communications 2026, Source Data Figure 4_ab",npt_eq+npt_prod,25000,50000,1000,2.0,1.0,1.0,101,/home/changjh/MD_projects/PhyNEO-Electrolyte/examples/md_simulation/phyneo_hmtff_admp.xml,"density strategy from the BF-165EC-55Li-55FSI 2 fs repeats: 50 ps NPT equilibration then 100 ps NPT production at 2 fs, one seed, one frame per ps. The first ~40 ps is the compression transient and is not used; three seeds agreed to 0.004 g/mL, so one seed is enough. equilibration is NPT at 1 bar; density production stays NPT, viscosity and conductivity switch to NVT from the saved state",npt,25000,50,100,merged-short-range,npt,npt
BF-91EC-119DMC-77EMC-67Li-67PF6,artifacts/exp_systems/BF-91EC-119DMC-77EMC-67Li-67PF6.pdb,4029,36.945,1.2159,"{""DMC"": 119, ""EC"": 91, ""EMC"": 77, ""Li"": 67, ""PF6"": 67}",DMC:EC:EMC:LiPF6,119:91:77:67,LiPF6,298,298.15,density,1.351,g/mL,,"ByteFF-Pol Nature Communications 2026, Source Data Figure 4_ab",npt_eq+npt_prod,25000,50000,1000,2.0,1.0,1.0,101,/home/changjh/MD_projects/PhyNEO-Electrolyte/examples/md_simulation/phyneo_hmtff_admp.xml,"density strategy from the BF-165EC-55Li-55FSI 2 fs repeats: 50 ps NPT equilibration then 100 ps NPT production at 2 fs, one seed, one frame per ps. The first ~40 ps is the compression transient and is not used; three seeds agreed to 0.004 g/mL, so one seed is enough. equilibration is NPT at 1 bar; density production stays NPT, viscosity and conductivity switch to NVT from the saved state",npt,25000,50,100,merged-short-range,npt,npt
BF-98EC-127DMC-83EMC-43Li-43PF6,artifacts/exp_systems/BF-98EC-127DMC-83EMC-43Li-43PF6.pdb,4093,37.133,1.143,"{""DMC"": 127, ""EC"": 98, ""EMC"": 83, ""Li"": 43, ""PF6"": 43}",DMC:EC:EMC:LiPF6,127:98:83:43,LiPF6,298,298.15,density,1.27,g/mL,,"ByteFF-Pol Nature Communications 2026, Source Data Figure 4_ab",npt_eq+npt_prod,25000,50000,1000,2.0,1.0,1.0,101,/home/changjh/MD_projects/PhyNEO-Electrolyte/examples/md_simulation/phyneo_hmtff_admp.xml,"density strategy from the BF-165EC-55Li-55FSI 2 fs repeats: 50 ps NPT equilibration then 100 ps NPT production at 2 fs, one seed, one frame per ps. The first ~40 ps is the compression transient and is not used; three seeds agreed to 0.004 g/mL, so one seed is enough. equilibration is NPT at 1 bar; density production stays NPT, viscosity and conductivity switch to NVT from the saved state",npt,25000,50,100,merged-short-range,npt,npt
BF-99EC-129DMC-84EMC-29Li-29PF6,artifacts/exp_systems/BF-99EC-129DMC-84EMC-29Li-29PF6.pdb,4030,36.948,1.1025,"{""DMC"": 129, ""EC"": 99, ""EMC"": 84, ""Li"": 29, ""PF6"": 29}",DMC:EC:EMC:LiPF6,129:99:84:29,LiPF6,298,298.15,density,1.225,g/mL,,"ByteFF-Pol Nature Communications 2026, Source Data Figure 4_ab",npt_eq+npt_prod,25000,50000,1000,2.0,1.0,1.0,101,/home/changjh/MD_projects/PhyNEO-Electrolyte/examples/md_simulation/phyneo_hmtff_admp.xml,"density strategy from the BF-165EC-55Li-55FSI 2 fs repeats: 50 ps NPT equilibration then 100 ps NPT production at 2 fs, one seed, one frame per ps. The first ~40 ps is the compression transient and is not used; three seeds agreed to 0.004 g/mL, so one seed is enough. equilibration is NPT at 1 bar; density production stays NPT, viscosity and conductivity switch to NVT from the saved state",npt,25000,50,100,merged-short-range,npt,npt
BF-102EC-133DMC-86EMC-15Li-15PF6,artifacts/exp_systems/BF-102EC-133DMC-86EMC-15Li-15PF6.pdb,4026,36.986,1.0566,"{""DMC"": 133, ""EC"": 102, ""EMC"": 86, ""Li"": 15, ""PF6"": 15}",DMC:EC:EMC:LiPF6,133:102:86:15,LiPF6,298,298.15,density,1.174,g/mL,,"ByteFF-Pol Nature Communications 2026, Source Data Figure 4_ab",npt_eq+npt_prod,25000,50000,1000,2.0,1.0,1.0,101,/home/changjh/MD_projects/PhyNEO-Electrolyte/examples/md_simulation/phyneo_hmtff_admp.xml,"density strategy from the BF-165EC-55Li-55FSI 2 fs repeats: 50 ps NPT equilibration then 100 ps NPT production at 2 fs, one seed, one frame per ps. The first ~40 ps is the compression transient and is not used; three seeds agreed to 0.004 g/mL, so one seed is enough. equilibration is NPT at 1 bar; density production stays NPT, viscosity and conductivity switch to NVT from the saved state",npt,25000,50,100,merged-short-range,npt,npt
BF-109EC-142DMC-92EMC-8Li-8PF6,artifacts/exp_systems/BF-109EC-142DMC-92EMC-8Li-8PF6.pdb,4238,37.641,1.0332,"{""DMC"": 142, ""EC"": 109, ""EMC"": 92, ""Li"": 8, ""PF6"": 8}",DMC:EC:EMC:LiPF6,142:109:92:8,LiPF6,298,298.15,density,1.148,g/mL,,"ByteFF-Pol Nature Communications 2026, Source Data Figure 4_ab",npt_eq+npt_prod,25000,50000,1000,2.0,1.0,1.0,101,/home/changjh/MD_projects/PhyNEO-Electrolyte/examples/md_simulation/phyneo_hmtff_admp.xml,"density strategy from the BF-165EC-55Li-55FSI 2 fs repeats: 50 ps NPT equilibration then 100 ps NPT production at 2 fs, one seed, one frame per ps. The first ~40 ps is the compression transient and is not used; three seeds agreed to 0.004 g/mL, so one seed is enough. equilibration is NPT at 1 bar; density production stays NPT, viscosity and conductivity switch to NVT from the saved state",npt,25000,50,100,merged-short-range,npt,npt
BF-170EC-153DMC-15EMC-34LiPF6,artifacts/exp_systems/BF-170EC-153DMC-15EMC-34LiPF6.pdb,4033,37.186,1.1457,"{""DMC"": 153, ""EC"": 170, ""EMC"": 15, ""Li"": 34, ""PF6"": 34}",DMC:EC:EMC:LiPF6,153:170:15:34,LiPF6,298,298.15,density,1.273,g/mL,,"ByteFF-Pol Nature Communications 2026, Source Data Figure 4_ab",npt_eq+npt_prod,25000,50000,1000,2.0,1.0,1.0,101,/home/changjh/MD_projects/PhyNEO-Electrolyte/examples/md_simulation/phyneo_hmtff_admp.xml,"density strategy from the BF-165EC-55Li-55FSI 2 fs repeats: 50 ps NPT equilibration then 100 ps NPT production at 2 fs, one seed, one frame per ps. The first ~40 ps is the compression transient and is not used; three seeds agreed to 0.004 g/mL, so one seed is enough. equilibration is NPT at 1 bar; density production stays NPT, viscosity and conductivity switch to NVT from the saved state",npt,25000,50,100,merged-short-range,npt,npt
BF-103EC-241DMC-52EMC-29Li-29PF6,artifacts/exp_systems/BF-103EC-241DMC-52EMC-29Li-29PF6.pdb,4934,39.646,1.0818,"{""DMC"": 241, ""EC"": 103, ""EMC"": 52, ""Li"": 29, ""PF6"": 29}",DMC:EC:EMC:LiPF6,241:103:52:29,LiPF6,298,298.15,density,1.202,g/mL,,"ByteFF-Pol Nature Communications 2026, Source Data Figure 4_ab",npt_eq+npt_prod,25000,50000,1000,2.0,1.0,1.0,101,/home/changjh/MD_projects/PhyNEO-Electrolyte/examples/md_simulation/phyneo_hmtff_admp.xml,"density strategy from the BF-165EC-55Li-55FSI 2 fs repeats: 50 ps NPT equilibration then 100 ps NPT production at 2 fs, one seed, one frame per ps. The first ~40 ps is the compression transient and is not used; three seeds agreed to 0.004 g/mL, so one seed is enough. equilibration is NPT at 1 bar; density production stays NPT, viscosity and conductivity switch to NVT from the saved state",npt,25000,50,100,merged-short-range,npt,npt
BF-106EC-291DMC-18EMC-30Li-30PF6,artifacts/exp_systems/BF-106EC-291DMC-18EMC-30Li-30PF6.pdb,5062,40.013,1.0881,"{""DMC"": 291, ""EC"": 106, ""EMC"": 18, ""Li"": 30, ""PF6"": 30}",DMC:EC:EMC:LiPF6,291:106:18:30,LiPF6,298,298.15,density,1.209,g/mL,,"ByteFF-Pol Nature Communications 2026, Source Data Figure 4_ab",npt_eq+npt_prod,25000,50000,1000,2.0,1.0,1.0,101,/home/changjh/MD_projects/PhyNEO-Electrolyte/examples/md_simulation/phyneo_hmtff_admp.xml,"density strategy from the BF-165EC-55Li-55FSI 2 fs repeats: 50 ps NPT equilibration then 100 ps NPT production at 2 fs, one seed, one frame per ps. The first ~40 ps is the compression transient and is not used; three seeds agreed to 0.004 g/mL, so one seed is enough. equilibration is NPT at 1 bar; density production stays NPT, viscosity and conductivity switch to NVT from the saved state",npt,25000,50,100,merged-short-range,npt,npt
BF-100EC-273DMC-17EMC-30Li-15PF6-15FSI,artifacts/exp_systems/BF-100EC-273DMC-17EMC-30Li-15PF6-15FSI.pdb,4801,39.327,1.0989000000000002,"{""DMC"": 273, ""EC"": 100, ""EMC"": 17, ""FSI"": 15, ""Li"": 30, ""PF6"": 15}",DMC:EC:EMC:LiPF6:LiFSI,273:100:17:15:15,LiPF6;LiFSI,298,298.15,density,1.221,g/mL,,"ByteFF-Pol Nature Communications 2026, Source Data Figure 4_ab",npt_eq+npt_prod,25000,50000,1000,2.0,1.0,1.0,101,/home/changjh/MD_projects/PhyNEO-Electrolyte/examples/md_simulation/phyneo_hmtff_admp.xml,"density strategy from the BF-165EC-55Li-55FSI 2 fs repeats: 50 ps NPT equilibration then 100 ps NPT production at 2 fs, one seed, one frame per ps. The first ~40 ps is the compression transient and is not used; three seeds agreed to 0.004 g/mL, so one seed is enough. equilibration is NPT at 1 bar; density production stays NPT, viscosity and conductivity switch to NVT from the saved state",npt,25000,50,100,merged-short-range,npt,npt
BF-89EC-243DMC-15EMC-34EP-28Li-28FSI,artifacts/exp_systems/BF-89EC-243DMC-15EMC-34EP-28Li-28FSI.pdb,4889,39.716,1.0602,"{""DMC"": 243, ""EC"": 89, ""EMC"": 15, ""EP"": 34, ""FSI"": 28, ""Li"": 28}",DMC:EC:EP:EMC:LiFSI,243:89:34:15:28,LiFSI,298,298.15,density,1.178,g/mL,,"ByteFF-Pol Nature Communications 2026, Source Data Figure 4_ab",npt_eq+npt_prod,25000,50000,1000,2.0,1.0,1.0,101,/home/changjh/MD_projects/PhyNEO-Electrolyte/examples/md_simulation/phyneo_hmtff_admp.xml,"density strategy from the BF-165EC-55Li-55FSI 2 fs repeats: 50 ps NPT equilibration then 100 ps NPT production at 2 fs, one seed, one frame per ps. The first ~40 ps is the compression transient and is not used; three seeds agreed to 0.004 g/mL, so one seed is enough. equilibration is NPT at 1 bar; density production stays NPT, viscosity and conductivity switch to NVT from the saved state",npt,25000,50,100,merged-short-range,npt,npt
BF-89EC-243DMC-15EMC-34EP-28Li-28PF6,artifacts/exp_systems/BF-89EC-243DMC-15EMC-34EP-28Li-28PF6.pdb,4833,39.388,1.0602,"{""DMC"": 243, ""EC"": 89, ""EMC"": 15, ""EP"": 34, ""Li"": 28, ""PF6"": 28}",DMC:EC:EP:EMC:LiPF6,243:89:34:15:28,LiPF6,298,298.15,density,1.178,g/mL,,"ByteFF-Pol Nature Communications 2026, Source Data Figure 4_ab",npt_eq+npt_prod,25000,50000,1000,2.0,1.0,1.0,101,/home/changjh/MD_projects/PhyNEO-Electrolyte/examples/md_simulation/phyneo_hmtff_admp.xml,"density strategy from the BF-165EC-55Li-55FSI 2 fs repeats: 50 ps NPT equilibration then 100 ps NPT production at 2 fs, one seed, one frame per ps. The first ~40 ps is the compression transient and is not used; three seeds agreed to 0.004 g/mL, so one seed is enough. equilibration is NPT at 1 bar; density production stays NPT, viscosity and conductivity switch to NVT from the saved state",npt,25000,50,100,merged-short-range,npt,npt
BF-123EC-280DMC-36Li-36FSI,artifacts/exp_systems/BF-123EC-280DMC-36Li-36FSI.pdb,4950,39.909,1.1178000000000001,"{""DMC"": 280, ""EC"": 123, ""FSI"": 36, ""Li"": 36}",DMC:EC:LiFSI,280:123:36,LiFSI,298,298.15,density,1.242,g/mL,,"ByteFF-Pol Nature Communications 2026, Source Data Figure 4_ab",npt_eq+npt_prod,25000,50000,1000,2.0,1.0,1.0,101,/home/changjh/MD_projects/PhyNEO-Electrolyte/examples/md_simulation/phyneo_hmtff_admp.xml,"density strategy from the BF-165EC-55Li-55FSI 2 fs repeats: 50 ps NPT equilibration then 100 ps NPT production at 2 fs, one seed, one frame per ps. The first ~40 ps is the compression transient and is not used; three seeds agreed to 0.004 g/mL, so one seed is enough. equilibration is NPT at 1 bar; density production stays NPT, viscosity and conductivity switch to NVT from the saved state",npt,25000,50,100,merged-short-range,npt,npt
BF-249DMC-170EC-34LiPF6,artifacts/exp_systems/BF-249DMC-170EC-34LiPF6.pdb,4960,39.871,1.1151000000000002,"{""DMC"": 249, ""EC"": 170, ""Li"": 34, ""PF6"": 34}",DMC:EC:LiPF6,249:170:34,LiPF6,298,298.15,density,1.239,g/mL,,"ByteFF-Pol Nature Communications 2026, Source Data Figure 4_ab",npt_eq+npt_prod,25000,50000,1000,2.0,1.0,1.0,101,/home/changjh/MD_projects/PhyNEO-Electrolyte/examples/md_simulation/phyneo_hmtff_admp.xml,"density strategy from the BF-165EC-55Li-55FSI 2 fs repeats: 50 ps NPT equilibration then 100 ps NPT production at 2 fs, one seed, one frame per ps. The first ~40 ps is the compression transient and is not used; three seeds agreed to 0.004 g/mL, so one seed is enough. equilibration is NPT at 1 bar; density production stays NPT, viscosity and conductivity switch to NVT from the saved state",npt,25000,50,100,merged-short-range,npt,npt
BF-123EC-282DMC-29Li-29PF6,artifacts/exp_systems/BF-123EC-282DMC-29Li-29PF6.pdb,4846,39.410,1.1025,"{""DMC"": 282, ""EC"": 123, ""Li"": 29, ""PF6"": 29}",DMC:EC:LiPF6,282:123:29,LiPF6,298,298.15,density,1.225,g/mL,,"ByteFF-Pol Nature Communications 2026, Source Data Figure 4_ab",npt_eq+npt_prod,25000,50000,1000,2.0,1.0,1.0,101,/home/changjh/MD_projects/PhyNEO-Electrolyte/examples/md_simulation/phyneo_hmtff_admp.xml,"density strategy from the BF-165EC-55Li-55FSI 2 fs repeats: 50 ps NPT equilibration then 100 ps NPT production at 2 fs, one seed, one frame per ps. The first ~40 ps is the compression transient and is not used; three seeds agreed to 0.004 g/mL, so one seed is enough. equilibration is NPT at 1 bar; density production stays NPT, viscosity and conductivity switch to NVT from the saved state",npt,25000,50,100,merged-short-range,npt,npt
BF-126EC-289DMC-29Li-29PF6,artifacts/exp_systems/BF-126EC-289DMC-29Li-29PF6.pdb,4960,39.719,1.1007,"{""DMC"": 289, ""EC"": 126, ""Li"": 29, ""PF6"": 29}",DMC:EC:LiPF6,289:126:29,LiPF6,298,298.15,density,1.223,g/mL,,"ByteFF-Pol Nature Communications 2026, Source Data Figure 4_ab",npt_eq+npt_prod,25000,50000,1000,2.0,1.0,1.0,101,/home/changjh/MD_projects/PhyNEO-Electrolyte/examples/md_simulation/phyneo_hmtff_admp.xml,"density strategy from the BF-165EC-55Li-55FSI 2 fs repeats: 50 ps NPT equilibration then 100 ps NPT production at 2 fs, one seed, one frame per ps. The first ~40 ps is the compression transient and is not used; three seeds agreed to 0.004 g/mL, so one seed is enough. equilibration is NPT at 1 bar; density production stays NPT, viscosity and conductivity switch to NVT from the saved state",npt,25000,50,100,merged-short-range,npt,npt
BF-170EC-388DMC-50Li-50PF6,artifacts/exp_systems/BF-170EC-388DMC-50Li-50PF6.pdb,6756,44.211,1.1052,"{""DMC"": 388, ""EC"": 170, ""Li"": 50, ""PF6"": 50}",DMC:EC:LiPF6,388:170:50,LiPF6,298,298.15,density,1.228,g/mL,,"ByteFF-Pol Nature Communications 2026, Source Data Figure 4_ab",npt_eq+npt_prod,25000,50000,1000,2.0,1.0,1.0,101,/home/changjh/MD_projects/PhyNEO-Electrolyte/examples/md_simulation/phyneo_hmtff_admp.xml,"density strategy from the BF-165EC-55Li-55FSI 2 fs repeats: 50 ps NPT equilibration then 100 ps NPT production at 2 fs, one seed, one frame per ps. The first ~40 ps is the compression transient and is not used; three seeds agreed to 0.004 g/mL, so one seed is enough. equilibration is NPT at 1 bar; density production stays NPT, viscosity and conductivity switch to NVT from the saved state",npt,25000,50,100,merged-short-range,npt,npt
BF-170EC-388DMC-65Li-65PF6,artifacts/exp_systems/BF-170EC-388DMC-65Li-65PF6.pdb,6876,44.499,1.1268,"{""DMC"": 388, ""EC"": 170, ""Li"": 65, ""PF6"": 65}",DMC:EC:LiPF6,388:170:65,LiPF6,298,298.15,density,1.252,g/mL,,"ByteFF-Pol Nature Communications 2026, Source Data Figure 4_ab",npt_eq+npt_prod,25000,50000,1000,2.0,1.0,1.0,101,/home/changjh/MD_projects/PhyNEO-Electrolyte/examples/md_simulation/phyneo_hmtff_admp.xml,"density strategy from the BF-165EC-55Li-55FSI 2 fs repeats: 50 ps NPT equilibration then 100 ps NPT production at 2 fs, one seed, one frame per ps. The first ~40 ps is the compression transient and is not used; three seeds agreed to 0.004 g/mL, so one seed is enough. equilibration is NPT at 1 bar; density production stays NPT, viscosity and conductivity switch to NVT from the saved state",npt,25000,50,100,merged-short-range,npt,npt
BF-170EC-388DMC-75Li-75PF6,artifacts/exp_systems/BF-170EC-388DMC-75Li-75PF6.pdb,6956,44.684,1.1412,"{""DMC"": 388, ""EC"": 170, ""Li"": 75, ""PF6"": 75}",DMC:EC:LiPF6,388:170:75,LiPF6,298,298.15,density,1.268,g/mL,,"ByteFF-Pol Nature Communications 2026, Source Data Figure 4_ab",npt_eq+npt_prod,25000,50000,1000,2.0,1.0,1.0,101,/home/changjh/MD_projects/PhyNEO-Electrolyte/examples/md_simulation/phyneo_hmtff_admp.xml,"density strategy from the BF-165EC-55Li-55FSI 2 fs repeats: 50 ps NPT equilibration then 100 ps NPT production at 2 fs, one seed, one frame per ps. The first ~40 ps is the compression transient and is not used; three seeds agreed to 0.004 g/mL, so one seed is enough. equilibration is NPT at 1 bar; density production stays NPT, viscosity and conductivity switch to NVT from the saved state",npt,25000,50,100,merged-short-range,npt,npt
BF-170DMC-17Li-17FSI,artifacts/exp_systems/BF-170DMC-17Li-17FSI.pdb,2210,30.694,1.062,"{""DMC"": 170, ""FSI"": 17, ""Li"": 17}",DMC:LiFSI,10:1,LiFSI,298,298.15,density,1.18,g/mL,,"ByteFF-Pol Nature Communications 2026, Source Data Figure 4_ab",npt_eq+npt_prod,25000,50000,1000,2.0,1.0,1.0,101,/home/changjh/MD_projects/PhyNEO-Electrolyte/examples/md_simulation/phyneo_hmtff_admp.xml,"density strategy from the BF-165EC-55Li-55FSI 2 fs repeats: 50 ps NPT equilibration then 100 ps NPT production at 2 fs, one seed, one frame per ps. The first ~40 ps is the compression transient and is not used; three seeds agreed to 0.004 g/mL, so one seed is enough. equilibration is NPT at 1 bar; density production stays NPT, viscosity and conductivity switch to NVT from the saved state",npt,25000,50,100,merged-short-range,npt,npt
BF-144DMC-48Li-48FSI,artifacts/exp_systems/BF-144DMC-48Li-48FSI.pdb,2208,30.996,1.2240000000000002,"{""DMC"": 144, ""FSI"": 48, ""Li"": 48}",DMC:LiFSI,3:1,LiFSI,298,298.15,density,1.36,g/mL,,"ByteFF-Pol Nature Communications 2026, Source Data Figure 4_ab",npt_eq+npt_prod,25000,50000,1000,2.0,1.0,1.0,101,/home/changjh/MD_projects/PhyNEO-Electrolyte/examples/md_simulation/phyneo_hmtff_admp.xml,"density strategy from the BF-165EC-55Li-55FSI 2 fs repeats: 50 ps NPT equilibration then 100 ps NPT production at 2 fs, one seed, one frame per ps. The first ~40 ps is the compression transient and is not used; three seeds agreed to 0.004 g/mL, so one seed is enough. equilibration is NPT at 1 bar; density production stays NPT, viscosity and conductivity switch to NVT from the saved state",npt,25000,50,100,merged-short-range,npt,npt
BF-5DMC-1LiFSI,artifacts/exp_systems/BF-5DMC-1LiFSI.pdb,4200,38.362,1.125,"{""DMC"": 300, ""FSI"": 60, ""Li"": 60}",DMC:LiFSI,5:1,LiFSI,298,298.15,density,1.27,g/mL,,"ByteFF-Pol Nature Communications 2026, Source Data Figure 4_ab",npt_eq+npt_prod,25000,50000,1000,2.0,1.0,1.0,101,/home/changjh/MD_projects/PhyNEO-Electrolyte/examples/md_simulation/phyneo_hmtff_admp.xml,"density strategy from the BF-165EC-55Li-55FSI 2 fs repeats: 50 ps NPT equilibration then 100 ps NPT production at 2 fs, one seed, one frame per ps. The first ~40 ps is the compression transient and is not used; three seeds agreed to 0.004 g/mL, so one seed is enough. equilibration is NPT at 1 bar; density production stays NPT, viscosity and conductivity switch to NVT from the saved state",npt,25000,50,100,merged-short-range,npt,npt
BF-101EC-98DMC-85EMC-25DEC-30Li-30PF6,artifacts/exp_systems/BF-101EC-98DMC-85EMC-25DEC-30Li-30PF6.pdb,4151,37.276,1.0926,"{""DEC"": 25, ""DMC"": 98, ""EC"": 101, ""EMC"": 85, ""Li"": 30, ""PF6"": 30}",EC:DMC:EMC:DEC:LiPF6,101:98:85:25:30,LiPF6,298,298.15,density,1.214,g/mL,,"ByteFF-Pol Nature Communications 2026, Source Data Figure 4_ab",npt_eq+npt_prod,25000,50000,1000,2.0,1.0,1.0,101,/home/changjh/MD_projects/PhyNEO-Electrolyte/examples/md_simulation/phyneo_hmtff_admp.xml,"density strategy from the BF-165EC-55Li-55FSI 2 fs repeats: 50 ps NPT equilibration then 100 ps NPT production at 2 fs, one seed, one frame per ps. The first ~40 ps is the compression transient and is not used; three seeds agreed to 0.004 g/mL, so one seed is enough. equilibration is NPT at 1 bar; density production stays NPT, viscosity and conductivity switch to NVT from the saved state",npt,25000,50,100,merged-short-range,npt,npt
BF-102EC-100DMC-86EMC-25DEC-15Li-15PF6,artifacts/exp_systems/BF-102EC-100DMC-86EMC-25DEC-15Li-15PF6.pdb,4080,37.095,1.0467,"{""DEC"": 25, ""DMC"": 100, ""EC"": 102, ""EMC"": 86, ""Li"": 15, ""PF6"": 15}",EC:DMC:EMC:DEC:LiPF6,102:100:86:25:15,LiPF6,298,298.15,density,1.163,g/mL,,"ByteFF-Pol Nature Communications 2026, Source Data Figure 4_ab",npt_eq+npt_prod,25000,50000,1000,2.0,1.0,1.0,101,/home/changjh/MD_projects/PhyNEO-Electrolyte/examples/md_simulation/phyneo_hmtff_admp.xml,"density strategy from the BF-165EC-55Li-55FSI 2 fs repeats: 50 ps NPT equilibration then 100 ps NPT production at 2 fs, one seed, one frame per ps. The first ~40 ps is the compression transient and is not used; three seeds agreed to 0.004 g/mL, so one seed is enough. equilibration is NPT at 1 bar; density production stays NPT, viscosity and conductivity switch to NVT from the saved state",npt,25000,50,100,merged-short-range,npt,npt
BF-109EC-107DMC-92EMC-27DEC-8Li-8PF6,artifacts/exp_systems/BF-109EC-107DMC-92EMC-27DEC-8Li-8PF6.pdb,4304,37.787,1.0224,"{""DEC"": 27, ""DMC"": 107, ""EC"": 109, ""EMC"": 92, ""Li"": 8, ""PF6"": 8}",EC:DMC:EMC:DEC:LiPF6,109:107:92:27:8,LiPF6,298,298.15,density,1.136,g/mL,,"ByteFF-Pol Nature Communications 2026, Source Data Figure 4_ab",npt_eq+npt_prod,25000,50000,1000,2.0,1.0,1.0,101,/home/changjh/MD_projects/PhyNEO-Electrolyte/examples/md_simulation/phyneo_hmtff_admp.xml,"density strategy from the BF-165EC-55Li-55FSI 2 fs repeats: 50 ps NPT equilibration then 100 ps NPT production at 2 fs, one seed, one frame per ps. The first ~40 ps is the compression transient and is not used; three seeds agreed to 0.004 g/mL, so one seed is enough. equilibration is NPT at 1 bar; density production stays NPT, viscosity and conductivity switch to NVT from the saved state",npt,25000,50,100,merged-short-range,npt,npt
BF-97EC-95DMC-82EMC-24DEC-43Li-43PF6,artifacts/exp_systems/BF-97EC-95DMC-82EMC-24DEC-43Li-43PF6.pdb,4116,37.156,1.1331,"{""DEC"": 24, ""DMC"": 95, ""EC"": 97, ""EMC"": 82, ""Li"": 43, ""PF6"": 43}",EC:DMC:EMC:DEC:LiPF6,97:95:82:24:43,LiPF6,298,298.15,density,1.259,g/mL,,"ByteFF-Pol Nature Communications 2026, Source Data Figure 4_ab",npt_eq+npt_prod,25000,50000,1000,2.0,1.0,1.0,101,/home/changjh/MD_projects/PhyNEO-Electrolyte/examples/md_simulation/phyneo_hmtff_admp.xml,"density strategy from the BF-165EC-55Li-55FSI 2 fs repeats: 50 ps NPT equilibration then 100 ps NPT production at 2 fs, one seed, one frame per ps. The first ~40 ps is the compression transient and is not used; three seeds agreed to 0.004 g/mL, so one seed is enough. equilibration is NPT at 1 bar; density production stays NPT, viscosity and conductivity switch to NVT from the saved state",npt,25000,50,100,merged-short-range,npt,npt
BF-204EC-184DMC-18EMC-41Li-41PF6,artifacts/exp_systems/BF-204EC-184DMC-18EMC-41Li-41PF6.pdb,4846,39.261,1.1700000000000002,"{""DMC"": 184, ""EC"": 204, ""EMC"": 18, ""Li"": 41, ""PF6"": 41}",EC:DMC:EMC:LiPF6,204:184:18:41,LiPF6,298,298.15,density,1.3,g/mL,,"ByteFF-Pol Nature Communications 2026, Source Data Figure 4_ab",npt_eq+npt_prod,25000,50000,1000,2.0,1.0,1.0,101,/home/changjh/MD_projects/PhyNEO-Electrolyte/examples/md_simulation/phyneo_hmtff_admp.xml,"density strategy from the BF-165EC-55Li-55FSI 2 fs repeats: 50 ps NPT equilibration then 100 ps NPT production at 2 fs, one seed, one frame per ps. The first ~40 ps is the compression transient and is not used; three seeds agreed to 0.004 g/mL, so one seed is enough. equilibration is NPT at 1 bar; density production stays NPT, viscosity and conductivity switch to NVT from the saved state",npt,25000,50,100,merged-short-range,npt,npt
BF-10EC-10DMC-2LiFSI,artifacts/exp_systems/BF-10EC-10DMC-2LiFSI.pdb,4800,39.609,1.1520000000000001,"{""DMC"": 200, ""EC"": 200, ""FSI"": 40, ""Li"": 40}",EC:DMC:LiFSI,10:10:2,LiFSI,298,298.15,density,1.3,g/mL,,"ByteFF-Pol Nature Communications 2026, Source Data Figure 4_ab",npt_eq+npt_prod,25000,50000,1000,2.0,1.0,1.0,101,/home/changjh/MD_projects/PhyNEO-Electrolyte/examples/md_simulation/phyneo_hmtff_admp.xml,"density strategy from the BF-165EC-55Li-55FSI 2 fs repeats: 50 ps NPT equilibration then 100 ps NPT production at 2 fs, one seed, one frame per ps. The first ~40 ps is the compression transient and is not used; three seeds agreed to 0.004 g/mL, so one seed is enough. equilibration is NPT at 1 bar; density production stays NPT, viscosity and conductivity switch to NVT from the saved state",npt,25000,50,100,merged-short-range,npt,npt
BF-115EC-115DMC-10Li-10FSI,artifacts/exp_systems/BF-115EC-115DMC-10Li-10FSI.pdb,2630,32.161,1.116,"{""DMC"": 115, ""EC"": 115, ""FSI"": 10, ""Li"": 10}",EC:DMC:LiFSI,23:23:2,LiFSI,298,298.15,density,1.24,g/mL,,"ByteFF-Pol Nature Communications 2026, Source Data Figure 4_ab",npt_eq+npt_prod,25000,50000,1000,2.0,1.0,1.0,101,/home/changjh/MD_projects/PhyNEO-Electrolyte/examples/md_simulation/phyneo_hmtff_admp.xml,"density strategy from the BF-165EC-55Li-55FSI 2 fs repeats: 50 ps NPT equilibration then 100 ps NPT production at 2 fs, one seed, one frame per ps. The first ~40 ps is the compression transient and is not used; three seeds agreed to 0.004 g/mL, so one seed is enough. equilibration is NPT at 1 bar; density production stays NPT, viscosity and conductivity switch to NVT from the saved state",npt,25000,50,100,merged-short-range,npt,npt
BF-3EC-3DMC-2LiFSI,artifacts/exp_systems/BF-3EC-3DMC-2LiFSI.pdb,3440,36.060,1.287,"{""DMC"": 120, ""EC"": 120, ""FSI"": 80, ""Li"": 80}",EC:DMC:LiFSI,3:3:2,LiFSI,298,298.15,density,1.46,g/mL,,"ByteFF-Pol Nature Communications 2026, Source Data Figure 4_ab",npt_eq+npt_prod,25000,50000,1000,2.0,1.0,1.0,101,/home/changjh/MD_projects/PhyNEO-Electrolyte/examples/md_simulation/phyneo_hmtff_admp.xml,"density strategy from the BF-165EC-55Li-55FSI 2 fs repeats: 50 ps NPT equilibration then 100 ps NPT production at 2 fs, one seed, one frame per ps. The first ~40 ps is the compression transient and is not used; three seeds agreed to 0.004 g/mL, so one seed is enough. equilibration is NPT at 1 bar; density production stays NPT, viscosity and conductivity switch to NVT from the saved state",npt,25000,50,100,merged-short-range,npt,npt
BF-5EC-5DMC-2LiFSI,artifacts/exp_systems/BF-5EC-5DMC-2LiFSI.pdb,2600,32.497,1.2240000000000002,"{""DMC"": 100, ""EC"": 100, ""FSI"": 40, ""Li"": 40}",EC:DMC:LiFSI,5:5:2,LiFSI,298,298.15,density,1.38,g/mL,,"ByteFF-Pol Nature Communications 2026, Source Data Figure 4_ab",npt_eq+npt_prod,25000,50000,1000,2.0,1.0,1.0,101,/home/changjh/MD_projects/PhyNEO-Electrolyte/examples/md_simulation/phyneo_hmtff_admp.xml,"density strategy from the BF-165EC-55Li-55FSI 2 fs repeats: 50 ps NPT equilibration then 100 ps NPT production at 2 fs, one seed, one frame per ps. The first ~40 ps is the compression transient and is not used; three seeds agreed to 0.004 g/mL, so one seed is enough. equilibration is NPT at 1 bar; density production stays NPT, viscosity and conductivity switch to NVT from the saved state",npt,25000,50,100,merged-short-range,npt,npt
BF-170EC-166DMC-15LiPF6,artifacts/exp_systems/BF-170EC-166DMC-15LiPF6.pdb,3812,36.370,1.1115000000000002,"{""DMC"": 166, ""EC"": 170, ""Li"": 15, ""PF6"": 15}",EC:DMC:LiPF6,170:166:15,LiPF6,298,298.15,density,1.235,g/mL,,"ByteFF-Pol Nature Communications 2026, Source Data Figure 4_ab",npt_eq+npt_prod,25000,50000,1000,2.0,1.0,1.0,101,/home/changjh/MD_projects/PhyNEO-Electrolyte/examples/md_simulation/phyneo_hmtff_admp.xml,"density strategy from the BF-165EC-55Li-55FSI 2 fs repeats: 50 ps NPT equilibration then 100 ps NPT production at 2 fs, one seed, one frame per ps. The first ~40 ps is the compression transient and is not used; three seeds agreed to 0.004 g/mL, so one seed is enough. equilibration is NPT at 1 bar; density production stays NPT, viscosity and conductivity switch to NVT from the saved state",npt,25000,50,100,merged-short-range,npt,npt
BF-200EC-20Li-20FSI,artifacts/exp_systems/BF-200EC-20Li-20FSI.pdb,2200,30.203,1.287,"{""EC"": 200, ""FSI"": 20, ""Li"": 20}",EC:LiFSI,10:1,LiFSI,298,298.15,density,1.43,g/mL,,"ByteFF-Pol Nature Communications 2026, Source Data Figure 4_ab",npt_eq+npt_prod,25000,50000,1000,2.0,1.0,1.0,101,/home/changjh/MD_projects/PhyNEO-Electrolyte/examples/md_simulation/phyneo_hmtff_admp.xml,"density strategy from the BF-165EC-55Li-55FSI 2 fs repeats: 50 ps NPT equilibration then 100 ps NPT production at 2 fs, one seed, one frame per ps. The first ~40 ps is the compression transient and is not used; three seeds agreed to 0.004 g/mL, so one seed is enough. equilibration is NPT at 1 bar; density production stays NPT, viscosity and conductivity switch to NVT from the saved state",npt,25000,50,100,merged-short-range,npt,npt
BF-23EC-1LiFSI,artifacts/exp_systems/BF-23EC-1LiFSI.pdb,4800,39.155,1.2240000000000002,"{""EC"": 460, ""FSI"": 20, ""Li"": 20}",EC:LiFSI,23:1,LiFSI,298,298.15,density,1.38,g/mL,,"ByteFF-Pol Nature Communications 2026, Source Data Figure 4_ab",npt_eq+npt_prod,25000,50000,1000,2.0,1.0,1.0,101,/home/changjh/MD_projects/PhyNEO-Electrolyte/examples/md_simulation/phyneo_hmtff_admp.xml,"density strategy from the BF-165EC-55Li-55FSI 2 fs repeats: 50 ps NPT equilibration then 100 ps NPT production at 2 fs, one seed, one frame per ps. The first ~40 ps is the compression transient and is not used; three seeds agreed to 0.004 g/mL, so one seed is enough. equilibration is NPT at 1 bar; density production stays NPT, viscosity and conductivity switch to NVT from the saved state",npt,25000,50,100,merged-short-range,npt,npt
BF-165EC-55Li-55FSI,artifacts/exp_systems/BF-165EC-55Li-55FSI.pdb,2200,30.782,1.413,"{""EC"": 165, ""FSI"": 55, ""Li"": 55}",EC:LiFSI,3:1,LiFSI,298,298.15,density,1.57,g/mL,,"ByteFF-Pol Nature Communications 2026, Source Data Figure 4_ab",npt_eq+npt_prod,25000,50000,1000,2.0,1.0,1.0,101,/home/changjh/MD_projects/PhyNEO-Electrolyte/examples/md_simulation/phyneo_hmtff_admp.xml,"density strategy from the BF-165EC-55Li-55FSI 2 fs repeats: 50 ps NPT equilibration then 100 ps NPT production at 2 fs, one seed, one frame per ps. The first ~40 ps is the compression transient and is not used; three seeds agreed to 0.004 g/mL, so one seed is enough. equilibration is NPT at 1 bar; density production stays NPT, viscosity and conductivity switch to NVT from the saved state",npt,25000,50,100,merged-short-range,npt,npt
BF-185EC-37Li-37FSI,artifacts/exp_systems/BF-185EC-37Li-37FSI.pdb,2220,30.564,1.35,"{""EC"": 185, ""FSI"": 37, ""Li"": 37}",EC:LiFSI,5:1,LiFSI,298,298.15,density,1.5,g/mL,,"ByteFF-Pol Nature Communications 2026, Source Data Figure 4_ab",npt_eq+npt_prod,25000,50000,1000,2.0,1.0,1.0,101,/home/changjh/MD_projects/PhyNEO-Electrolyte/examples/md_simulation/phyneo_hmtff_admp.xml,"density strategy from the BF-165EC-55Li-55FSI 2 fs repeats: 50 ps NPT equilibration then 100 ps NPT production at 2 fs, one seed, one frame per ps. The first ~40 ps is the compression transient and is not used; three seeds agreed to 0.004 g/mL, so one seed is enough. equilibration is NPT at 1 bar; density production stays NPT, viscosity and conductivity switch to NVT from the saved state",npt,25000,50,100,merged-short-range,npt,npt
BF-100EC-275DMC-17EMC-28Li-28FSI,artifacts/exp_systems/BF-100EC-275DMC-17EMC-28Li-28FSI.pdb,4835,39.598,1.0854,"{""DMC"": 275, ""EC"": 100, ""EMC"": 17, ""FSI"": 28, ""Li"": 28}",DMC:EC:EMC:LiFSI,275:100:17:28,LiFSI,298,298.15,viscosity,2.091,cP,,"ByteFF-Pol Nature Communications 2026, Source Data Figure 4_ab",npt_eq+nvt_prod,400000,2000000,1000,0.5,1.0,1.0,"101,102,103",/home/changjh/MD_projects/PhyNEO-Electrolyte/examples/md_simulation/phyneo_hmtff_admp.xml,"transport comparison uses the provisional Green-Kubo reporter; duration is 1/5 of the previous 1 ns + 5 ns plan: 0.2 ns equilibration and 1.0 ns production at 0.5 fs. equilibration is NPT at 1 bar; density production stays NPT, viscosity and conductivity switch to NVT from the saved state",nvt,400000,200,1000,merged-short-range,npt,nvt
BF-91EC-119DMC-77EMC-67Li-67PF6,artifacts/exp_systems/BF-91EC-119DMC-77EMC-67Li-67PF6.pdb,4029,36.945,1.2159,"{""DMC"": 119, ""EC"": 91, ""EMC"": 77, ""Li"": 67, ""PF6"": 67}",DMC:EC:EMC:LiPF6,119:91:77:67,LiPF6,298,298.15,viscosity,16.32,cP,,"ByteFF-Pol Nature Communications 2026, Source Data Figure 4_ab",npt_eq+nvt_prod,400000,2000000,1000,0.5,1.0,1.0,"101,102,103",/home/changjh/MD_projects/PhyNEO-Electrolyte/examples/md_simulation/phyneo_hmtff_admp.xml,"transport comparison uses the provisional Green-Kubo reporter; duration is 1/5 of the previous 1 ns + 5 ns plan: 0.2 ns equilibration and 1.0 ns production at 0.5 fs. equilibration is NPT at 1 bar; density production stays NPT, viscosity and conductivity switch to NVT from the saved state",nvt,400000,200,1000,merged-short-range,npt,nvt
BF-98EC-127DMC-83EMC-43Li-43PF6,artifacts/exp_systems/BF-98EC-127DMC-83EMC-43Li-43PF6.pdb,4093,37.133,1.143,"{""DMC"": 127, ""EC"": 98, ""EMC"": 83, ""Li"": 43, ""PF6"": 43}",DMC:EC:EMC:LiPF6,127:98:83:43,LiPF6,298,298.15,viscosity,5.423,cP,,"ByteFF-Pol Nature Communications 2026, Source Data Figure 4_ab",npt_eq+nvt_prod,400000,2000000,1000,0.5,1.0,1.0,"101,102,103",/home/changjh/MD_projects/PhyNEO-Electrolyte/examples/md_simulation/phyneo_hmtff_admp.xml,"transport comparison uses the provisional Green-Kubo reporter; duration is 1/5 of the previous 1 ns + 5 ns plan: 0.2 ns equilibration and 1.0 ns production at 0.5 fs. equilibration is NPT at 1 bar; density production stays NPT, viscosity and conductivity switch to NVT from the saved state",nvt,400000,200,1000,merged-short-range,npt,nvt
BF-99EC-129DMC-84EMC-29Li-29PF6,artifacts/exp_systems/BF-99EC-129DMC-84EMC-29Li-29PF6.pdb,4030,36.948,1.1025,"{""DMC"": 129, ""EC"": 99, ""EMC"": 84, ""Li"": 29, ""PF6"": 29}",DMC:EC:EMC:LiPF6,129:99:84:29,LiPF6,298,298.15,viscosity,3.372,cP,,"ByteFF-Pol Nature Communications 2026, Source Data Figure 4_ab",npt_eq+nvt_prod,400000,2000000,1000,0.5,1.0,1.0,"101,102,103",/home/changjh/MD_projects/PhyNEO-Electrolyte/examples/md_simulation/phyneo_hmtff_admp.xml,"transport comparison uses the provisional Green-Kubo reporter; duration is 1/5 of the previous 1 ns + 5 ns plan: 0.2 ns equilibration and 1.0 ns production at 0.5 fs. equilibration is NPT at 1 bar; density production stays NPT, viscosity and conductivity switch to NVT from the saved state",nvt,400000,200,1000,merged-short-range,npt,nvt
BF-102EC-133DMC-86EMC-15Li-15PF6,artifacts/exp_systems/BF-102EC-133DMC-86EMC-15Li-15PF6.pdb,4026,36.986,1.0566,"{""DMC"": 133, ""EC"": 102, ""EMC"": 86, ""Li"": 15, ""PF6"": 15}",DMC:EC:EMC:LiPF6,133:102:86:15,LiPF6,298,298.15,viscosity,2.033,cP,,"ByteFF-Pol Nature Communications 2026, Source Data Figure 4_ab",npt_eq+nvt_prod,400000,2000000,1000,0.5,1.0,1.0,"101,102,103",/home/changjh/MD_projects/PhyNEO-Electrolyte/examples/md_simulation/phyneo_hmtff_admp.xml,"transport comparison uses the provisional Green-Kubo reporter; duration is 1/5 of the previous 1 ns + 5 ns plan: 0.2 ns equilibration and 1.0 ns production at 0.5 fs. equilibration is NPT at 1 bar; density production stays NPT, viscosity and conductivity switch to NVT from the saved state",nvt,400000,200,1000,merged-short-range,npt,nvt
BF-109EC-142DMC-92EMC-8Li-8PF6,artifacts/exp_systems/BF-109EC-142DMC-92EMC-8Li-8PF6.pdb,4238,37.641,1.0332,"{""DMC"": 142, ""EC"": 109, ""EMC"": 92, ""Li"": 8, ""PF6"": 8}",DMC:EC:EMC:LiPF6,142:109:92:8,LiPF6,298,298.15,viscosity,1.955,cP,,"ByteFF-Pol Nature Communications 2026, Source Data Figure 4_ab",npt_eq+nvt_prod,400000,2000000,1000,0.5,1.0,1.0,"101,102,103",/home/changjh/MD_projects/PhyNEO-Electrolyte/examples/md_simulation/phyneo_hmtff_admp.xml,"transport comparison uses the provisional Green-Kubo reporter; duration is 1/5 of the previous 1 ns + 5 ns plan: 0.2 ns equilibration and 1.0 ns production at 0.5 fs. equilibration is NPT at 1 bar; density production stays NPT, viscosity and conductivity switch to NVT from the saved state",nvt,400000,200,1000,merged-short-range,npt,nvt
BF-170EC-153DMC-15EMC-34LiPF6,artifacts/exp_systems/BF-170EC-153DMC-15EMC-34LiPF6.pdb,4033,37.186,1.1457,"{""DMC"": 153, ""EC"": 170, ""EMC"": 15, ""Li"": 34, ""PF6"": 34}",DMC:EC:EMC:LiPF6,153:170:15:34,LiPF6,298,298.15,viscosity,4.566,cP,,"ByteFF-Pol Nature Communications 2026, Source Data Figure 4_ab",npt_eq+nvt_prod,400000,2000000,1000,0.5,1.0,1.0,"101,102,103",/home/changjh/MD_projects/PhyNEO-Electrolyte/examples/md_simulation/phyneo_hmtff_admp.xml,"transport comparison uses the provisional Green-Kubo reporter; duration is 1/5 of the previous 1 ns + 5 ns plan: 0.2 ns equilibration and 1.0 ns production at 0.5 fs. equilibration is NPT at 1 bar; density production stays NPT, viscosity and conductivity switch to NVT from the saved state",nvt,400000,200,1000,merged-short-range,npt,nvt
BF-103EC-241DMC-52EMC-29Li-29PF6,artifacts/exp_systems/BF-103EC-241DMC-52EMC-29Li-29PF6.pdb,4934,39.646,1.0818,"{""DMC"": 241, ""EC"": 103, ""EMC"": 52, ""Li"": 29, ""PF6"": 29}",DMC:EC:EMC:LiPF6,241:103:52:29,LiPF6,298,298.15,viscosity,2.069,cP,,"ByteFF-Pol Nature Communications 2026, Source Data Figure 4_ab",npt_eq+nvt_prod,400000,2000000,1000,0.5,1.0,1.0,"101,102,103",/home/changjh/MD_projects/PhyNEO-Electrolyte/examples/md_simulation/phyneo_hmtff_admp.xml,"transport comparison uses the provisional Green-Kubo reporter; duration is 1/5 of the previous 1 ns + 5 ns plan: 0.2 ns equilibration and 1.0 ns production at 0.5 fs. equilibration is NPT at 1 bar; density production stays NPT, viscosity and conductivity switch to NVT from the saved state",nvt,400000,200,1000,merged-short-range,npt,nvt
BF-106EC-291DMC-18EMC-30Li-30PF6,artifacts/exp_systems/BF-106EC-291DMC-18EMC-30Li-30PF6.pdb,5062,40.013,1.0881,"{""DMC"": 291, ""EC"": 106, ""EMC"": 18, ""Li"": 30, ""PF6"": 30}",DMC:EC:EMC:LiPF6,291:106:18:30,LiPF6,298,298.15,viscosity,1.9,cP,,"ByteFF-Pol Nature Communications 2026, Source Data Figure 4_ab",npt_eq+nvt_prod,400000,2000000,1000,0.5,1.0,1.0,"101,102,103",/home/changjh/MD_projects/PhyNEO-Electrolyte/examples/md_simulation/phyneo_hmtff_admp.xml,"transport comparison uses the provisional Green-Kubo reporter; duration is 1/5 of the previous 1 ns + 5 ns plan: 0.2 ns equilibration and 1.0 ns production at 0.5 fs. equilibration is NPT at 1 bar; density production stays NPT, viscosity and conductivity switch to NVT from the saved state",nvt,400000,200,1000,merged-short-range,npt,nvt
BF-100EC-273DMC-17EMC-30Li-15PF6-15FSI,artifacts/exp_systems/BF-100EC-273DMC-17EMC-30Li-15PF6-15FSI.pdb,4801,39.327,1.0989000000000002,"{""DMC"": 273, ""EC"": 100, ""EMC"": 17, ""FSI"": 15, ""Li"": 30, ""PF6"": 15}",DMC:EC:EMC:LiPF6:LiFSI,273:100:17:15:15,LiPF6;LiFSI,298,298.15,viscosity,2.443,cP,,"ByteFF-Pol Nature Communications 2026, Source Data Figure 4_ab",npt_eq+nvt_prod,400000,2000000,1000,0.5,1.0,1.0,"101,102,103",/home/changjh/MD_projects/PhyNEO-Electrolyte/examples/md_simulation/phyneo_hmtff_admp.xml,"transport comparison uses the provisional Green-Kubo reporter; duration is 1/5 of the previous 1 ns + 5 ns plan: 0.2 ns equilibration and 1.0 ns production at 0.5 fs. equilibration is NPT at 1 bar; density production stays NPT, viscosity and conductivity switch to NVT from the saved state",nvt,400000,200,1000,merged-short-range,npt,nvt
BF-89EC-243DMC-15EMC-34EP-28Li-28FSI,artifacts/exp_systems/BF-89EC-243DMC-15EMC-34EP-28Li-28FSI.pdb,4889,39.716,1.0602,"{""DMC"": 243, ""EC"": 89, ""EMC"": 15, ""EP"": 34, ""FSI"": 28, ""Li"": 28}",DMC:EC:EP:EMC:LiFSI,243:89:34:15:28,LiFSI,298,298.15,viscosity,1.872,cP,,"ByteFF-Pol Nature Communications 2026, Source Data Figure 4_ab",npt_eq+nvt_prod,400000,2000000,1000,0.5,1.0,1.0,"101,102,103",/home/changjh/MD_projects/PhyNEO-Electrolyte/examples/md_simulation/phyneo_hmtff_admp.xml,"transport comparison uses the provisional Green-Kubo reporter; duration is 1/5 of the previous 1 ns + 5 ns plan: 0.2 ns equilibration and 1.0 ns production at 0.5 fs. equilibration is NPT at 1 bar; density production stays NPT, viscosity and conductivity switch to NVT from the saved state",nvt,400000,200,1000,merged-short-range,npt,nvt
BF-89EC-243DMC-15EMC-34EP-28Li-28PF6,artifacts/exp_systems/BF-89EC-243DMC-15EMC-34EP-28Li-28PF6.pdb,4833,39.388,1.0602,"{""DMC"": 243, ""EC"": 89, ""EMC"": 15, ""EP"": 34, ""Li"": 28, ""PF6"": 28}",DMC:EC:EP:EMC:LiPF6,243:89:34:15:28,LiPF6,298,298.15,viscosity,1.749,cP,,"ByteFF-Pol Nature Communications 2026, Source Data Figure 4_ab",npt_eq+nvt_prod,400000,2000000,1000,0.5,1.0,1.0,"101,102,103",/home/changjh/MD_projects/PhyNEO-Electrolyte/examples/md_simulation/phyneo_hmtff_admp.xml,"transport comparison uses the provisional Green-Kubo reporter; duration is 1/5 of the previous 1 ns + 5 ns plan: 0.2 ns equilibration and 1.0 ns production at 0.5 fs. equilibration is NPT at 1 bar; density production stays NPT, viscosity and conductivity switch to NVT from the saved state",nvt,400000,200,1000,merged-short-range,npt,nvt
BF-123EC-280DMC-36Li-36FSI,artifacts/exp_systems/BF-123EC-280DMC-36Li-36FSI.pdb,4950,39.909,1.1178000000000001,"{""DMC"": 280, ""EC"": 123, ""FSI"": 36, ""Li"": 36}",DMC:EC:LiFSI,280:123:36,LiFSI,298,298.15,viscosity,2.59,cP,,"ByteFF-Pol Nature Communications 2026, Source Data Figure 4_ab",npt_eq+nvt_prod,400000,2000000,1000,0.5,1.0,1.0,"101,102,103",/home/changjh/MD_projects/PhyNEO-Electrolyte/examples/md_simulation/phyneo_hmtff_admp.xml,"transport comparison uses the provisional Green-Kubo reporter; duration is 1/5 of the previous 1 ns + 5 ns plan: 0.2 ns equilibration and 1.0 ns production at 0.5 fs. equilibration is NPT at 1 bar; density production stays NPT, viscosity and conductivity switch to NVT from the saved state",nvt,400000,200,1000,merged-short-range,npt,nvt
BF-249DMC-170EC-34LiPF6,artifacts/exp_systems/BF-249DMC-170EC-34LiPF6.pdb,4960,39.871,1.1151000000000002,"{""DMC"": 249, ""EC"": 170, ""Li"": 34, ""PF6"": 34}",DMC:EC:LiPF6,249:170:34,LiPF6,298,298.15,viscosity,2.778,cP,,"ByteFF-Pol Nature Communications 2026, Source Data Figure 4_ab",npt_eq+nvt_prod,400000,2000000,1000,0.5,1.0,1.0,"101,102,103",/home/changjh/MD_projects/PhyNEO-Electrolyte/examples/md_simulation/phyneo_hmtff_admp.xml,"transport comparison uses the provisional Green-Kubo reporter; duration is 1/5 of the previous 1 ns + 5 ns plan: 0.2 ns equilibration and 1.0 ns production at 0.5 fs. equilibration is NPT at 1 bar; density production stays NPT, viscosity and conductivity switch to NVT from the saved state",nvt,400000,200,1000,merged-short-range,npt,nvt
BF-123EC-282DMC-29Li-29PF6,artifacts/exp_systems/BF-123EC-282DMC-29Li-29PF6.pdb,4846,39.410,1.1025,"{""DMC"": 282, ""EC"": 123, ""Li"": 29, ""PF6"": 29}",DMC:EC:LiPF6,282:123:29,LiPF6,298,298.15,viscosity,1.972,cP,,"ByteFF-Pol Nature Communications 2026, Source Data Figure 4_ab",npt_eq+nvt_prod,400000,2000000,1000,0.5,1.0,1.0,"101,102,103",/home/changjh/MD_projects/PhyNEO-Electrolyte/examples/md_simulation/phyneo_hmtff_admp.xml,"transport comparison uses the provisional Green-Kubo reporter; duration is 1/5 of the previous 1 ns + 5 ns plan: 0.2 ns equilibration and 1.0 ns production at 0.5 fs. equilibration is NPT at 1 bar; density production stays NPT, viscosity and conductivity switch to NVT from the saved state",nvt,400000,200,1000,merged-short-range,npt,nvt
BF-126EC-289DMC-29Li-29PF6,artifacts/exp_systems/BF-126EC-289DMC-29Li-29PF6.pdb,4960,39.719,1.1007,"{""DMC"": 289, ""EC"": 126, ""Li"": 29, ""PF6"": 29}",DMC:EC:LiPF6,289:126:29,LiPF6,298,298.15,viscosity,2.931,cP,,"ByteFF-Pol Nature Communications 2026, Source Data Figure 4_ab",npt_eq+nvt_prod,400000,2000000,1000,0.5,1.0,1.0,"101,102,103",/home/changjh/MD_projects/PhyNEO-Electrolyte/examples/md_simulation/phyneo_hmtff_admp.xml,"transport comparison uses the provisional Green-Kubo reporter; duration is 1/5 of the previous 1 ns + 5 ns plan: 0.2 ns equilibration and 1.0 ns production at 0.5 fs. equilibration is NPT at 1 bar; density production stays NPT, viscosity and conductivity switch to NVT from the saved state",nvt,400000,200,1000,merged-short-range,npt,nvt
BF-170EC-388DMC-50Li-50PF6,artifacts/exp_systems/BF-170EC-388DMC-50Li-50PF6.pdb,6756,44.211,1.1052,"{""DMC"": 388, ""EC"": 170, ""Li"": 50, ""PF6"": 50}",DMC:EC:LiPF6,388:170:50,LiPF6,298,298.15,viscosity,2.734,cP,,"ByteFF-Pol Nature Communications 2026, Source Data Figure 4_ab",npt_eq+nvt_prod,400000,2000000,1000,0.5,1.0,1.0,"101,102,103",/home/changjh/MD_projects/PhyNEO-Electrolyte/examples/md_simulation/phyneo_hmtff_admp.xml,"transport comparison uses the provisional Green-Kubo reporter; duration is 1/5 of the previous 1 ns + 5 ns plan: 0.2 ns equilibration and 1.0 ns production at 0.5 fs. equilibration is NPT at 1 bar; density production stays NPT, viscosity and conductivity switch to NVT from the saved state",nvt,400000,200,1000,merged-short-range,npt,nvt
BF-170EC-388DMC-65Li-65PF6,artifacts/exp_systems/BF-170EC-388DMC-65Li-65PF6.pdb,6876,44.499,1.1268,"{""DMC"": 388, ""EC"": 170, ""Li"": 65, ""PF6"": 65}",DMC:EC:LiPF6,388:170:65,LiPF6,298,298.15,viscosity,3.767,cP,,"ByteFF-Pol Nature Communications 2026, Source Data Figure 4_ab",npt_eq+nvt_prod,400000,2000000,1000,0.5,1.0,1.0,"101,102,103",/home/changjh/MD_projects/PhyNEO-Electrolyte/examples/md_simulation/phyneo_hmtff_admp.xml,"transport comparison uses the provisional Green-Kubo reporter; duration is 1/5 of the previous 1 ns + 5 ns plan: 0.2 ns equilibration and 1.0 ns production at 0.5 fs. equilibration is NPT at 1 bar; density production stays NPT, viscosity and conductivity switch to NVT from the saved state",nvt,400000,200,1000,merged-short-range,npt,nvt
BF-170EC-388DMC-75Li-75PF6,artifacts/exp_systems/BF-170EC-388DMC-75Li-75PF6.pdb,6956,44.684,1.1412,"{""DMC"": 388, ""EC"": 170, ""Li"": 75, ""PF6"": 75}",DMC:EC:LiPF6,388:170:75,LiPF6,298,298.15,viscosity,4.472,cP,,"ByteFF-Pol Nature Communications 2026, Source Data Figure 4_ab",npt_eq+nvt_prod,400000,2000000,1000,0.5,1.0,1.0,"101,102,103",/home/changjh/MD_projects/PhyNEO-Electrolyte/examples/md_simulation/phyneo_hmtff_admp.xml,"transport comparison uses the provisional Green-Kubo reporter; duration is 1/5 of the previous 1 ns + 5 ns plan: 0.2 ns equilibration and 1.0 ns production at 0.5 fs. equilibration is NPT at 1 bar; density production stays NPT, viscosity and conductivity switch to NVT from the saved state",nvt,400000,200,1000,merged-short-range,npt,nvt
BF-46DMC-20EC-12LiPF6,artifacts/exp_systems/BF-46DMC-20EC-12LiPF6.pdb,8480,48.241,1.143,"{""DMC"": 460, ""EC"": 200, ""Li"": 120, ""PF6"": 120}",DMC:EC:LiPF6,46:20:12,LiPF6,313,313.15,viscosity,5.1,cP,,"ByteFF-Pol Nature Communications 2026, Source Data Figure 4_ab",npt_eq+nvt_prod,400000,2000000,1000,0.5,1.0,1.0,"101,102,103",/home/changjh/MD_projects/PhyNEO-Electrolyte/examples/md_simulation/phyneo_hmtff_admp.xml,"transport comparison uses the provisional Green-Kubo reporter; duration is 1/5 of the previous 1 ns + 5 ns plan: 0.2 ns equilibration and 1.0 ns production at 0.5 fs. equilibration is NPT at 1 bar; density production stays NPT, viscosity and conductivity switch to NVT from the saved state",nvt,400000,200,1000,merged-short-range,npt,nvt
BF-46DMC-20EC-3LiPF6,artifacts/exp_systems/BF-46DMC-20EC-3LiPF6.pdb,7760,47.144,1.0080000000000002,"{""DMC"": 460, ""EC"": 200, ""Li"": 30, ""PF6"": 30}",DMC:EC:LiPF6,46:20:3,LiPF6,313,313.15,viscosity,1.18,cP,,"ByteFF-Pol Nature Communications 2026, Source Data Figure 4_ab",npt_eq+nvt_prod,400000,2000000,1000,0.5,1.0,1.0,"101,102,103",/home/changjh/MD_projects/PhyNEO-Electrolyte/examples/md_simulation/phyneo_hmtff_admp.xml,"transport comparison uses the provisional Green-Kubo reporter; duration is 1/5 of the previous 1 ns + 5 ns plan: 0.2 ns equilibration and 1.0 ns production at 0.5 fs. equilibration is NPT at 1 bar; density production stays NPT, viscosity and conductivity switch to NVT from the saved state",nvt,400000,200,1000,merged-short-range,npt,nvt
BF-46DMC-20EC-6LiPF6,artifacts/exp_systems/BF-46DMC-20EC-6LiPF6.pdb,8000,47.547,1.053,"{""DMC"": 460, ""EC"": 200, ""Li"": 60, ""PF6"": 60}",DMC:EC:LiPF6,46:20:6,LiPF6,313,313.15,viscosity,1.92,cP,,"ByteFF-Pol Nature Communications 2026, Source Data Figure 4_ab",npt_eq+nvt_prod,400000,2000000,1000,0.5,1.0,1.0,"101,102,103",/home/changjh/MD_projects/PhyNEO-Electrolyte/examples/md_simulation/phyneo_hmtff_admp.xml,"transport comparison uses the provisional Green-Kubo reporter; duration is 1/5 of the previous 1 ns + 5 ns plan: 0.2 ns equilibration and 1.0 ns production at 0.5 fs. equilibration is NPT at 1 bar; density production stays NPT, viscosity and conductivity switch to NVT from the saved state",nvt,400000,200,1000,merged-short-range,npt,nvt
BF-46DMC-20EC-9LiPF6,artifacts/exp_systems/BF-46DMC-20EC-9LiPF6.pdb,8240,47.911,1.098,"{""DMC"": 460, ""EC"": 200, ""Li"": 90, ""PF6"": 90}",DMC:EC:LiPF6,46:20:9,LiPF6,313,313.15,viscosity,3.21,cP,,"ByteFF-Pol Nature Communications 2026, Source Data Figure 4_ab",npt_eq+nvt_prod,400000,2000000,1000,0.5,1.0,1.0,"101,102,103",/home/changjh/MD_projects/PhyNEO-Electrolyte/examples/md_simulation/phyneo_hmtff_admp.xml,"transport comparison uses the provisional Green-Kubo reporter; duration is 1/5 of the previous 1 ns + 5 ns plan: 0.2 ns equilibration and 1.0 ns production at 0.5 fs. equilibration is NPT at 1 bar; density production stays NPT, viscosity and conductivity switch to NVT from the saved state",nvt,400000,200,1000,merged-short-range,npt,nvt
BF-170DMC-17Li-17FSI,artifacts/exp_systems/BF-170DMC-17Li-17FSI.pdb,2210,30.694,1.062,"{""DMC"": 170, ""FSI"": 17, ""Li"": 17}",DMC:LiFSI,10:1,LiFSI,298,298.15,viscosity,1.5,cP,,"ByteFF-Pol Nature Communications 2026, Source Data Figure 4_ab",npt_eq+nvt_prod,400000,2000000,1000,0.5,1.0,1.0,"101,102,103",/home/changjh/MD_projects/PhyNEO-Electrolyte/examples/md_simulation/phyneo_hmtff_admp.xml,"transport comparison uses the provisional Green-Kubo reporter; duration is 1/5 of the previous 1 ns + 5 ns plan: 0.2 ns equilibration and 1.0 ns production at 0.5 fs. equilibration is NPT at 1 bar; density production stays NPT, viscosity and conductivity switch to NVT from the saved state",nvt,400000,200,1000,merged-short-range,npt,nvt
BF-144DMC-48Li-48FSI,artifacts/exp_systems/BF-144DMC-48Li-48FSI.pdb,2208,30.996,1.2240000000000002,"{""DMC"": 144, ""FSI"": 48, ""Li"": 48}",DMC:LiFSI,3:1,LiFSI,298,298.15,viscosity,12.9,cP,,"ByteFF-Pol Nature Communications 2026, Source Data Figure 4_ab",npt_eq+nvt_prod,400000,2000000,1000,0.5,1.0,1.0,"101,102,103",/home/changjh/MD_projects/PhyNEO-Electrolyte/examples/md_simulation/phyneo_hmtff_admp.xml,"transport comparison uses the provisional Green-Kubo reporter; duration is 1/5 of the previous 1 ns + 5 ns plan: 0.2 ns equilibration and 1.0 ns production at 0.5 fs. equilibration is NPT at 1 bar; density production stays NPT, viscosity and conductivity switch to NVT from the saved state",nvt,400000,200,1000,merged-short-range,npt,nvt
BF-5DMC-1LiFSI,artifacts/exp_systems/BF-5DMC-1LiFSI.pdb,4200,38.362,1.125,"{""DMC"": 300, ""FSI"": 60, ""Li"": 60}",DMC:LiFSI,5:1,LiFSI,298,298.15,viscosity,3.9,cP,,"ByteFF-Pol Nature Communications 2026, Source Data Figure 4_ab",npt_eq+nvt_prod,400000,2000000,1000,0.5,1.0,1.0,"101,102,103",/home/changjh/MD_projects/PhyNEO-Electrolyte/examples/md_simulation/phyneo_hmtff_admp.xml,"transport comparison uses the provisional Green-Kubo reporter; duration is 1/5 of the previous 1 ns + 5 ns plan: 0.2 ns equilibration and 1.0 ns production at 0.5 fs. equilibration is NPT at 1 bar; density production stays NPT, viscosity and conductivity switch to NVT from the saved state",nvt,400000,200,1000,merged-short-range,npt,nvt
BF-101EC-98DMC-85EMC-25DEC-30Li-30PF6,artifacts/exp_systems/BF-101EC-98DMC-85EMC-25DEC-30Li-30PF6.pdb,4151,37.276,1.0926,"{""DEC"": 25, ""DMC"": 98, ""EC"": 101, ""EMC"": 85, ""Li"": 30, ""PF6"": 30}",EC:DMC:EMC:DEC:LiPF6,101:98:85:25:30,LiPF6,298,298.15,viscosity,3.657,cP,,"ByteFF-Pol Nature Communications 2026, Source Data Figure 4_ab",npt_eq+nvt_prod,400000,2000000,1000,0.5,1.0,1.0,"101,102,103",/home/changjh/MD_projects/PhyNEO-Electrolyte/examples/md_simulation/phyneo_hmtff_admp.xml,"transport comparison uses the provisional Green-Kubo reporter; duration is 1/5 of the previous 1 ns + 5 ns plan: 0.2 ns equilibration and 1.0 ns production at 0.5 fs. equilibration is NPT at 1 bar; density production stays NPT, viscosity and conductivity switch to NVT from the saved state",nvt,400000,200,1000,merged-short-range,npt,nvt
BF-102EC-100DMC-86EMC-25DEC-15Li-15PF6,artifacts/exp_systems/BF-102EC-100DMC-86EMC-25DEC-15Li-15PF6.pdb,4080,37.095,1.0467,"{""DEC"": 25, ""DMC"": 100, ""EC"": 102, ""EMC"": 86, ""Li"": 15, ""PF6"": 15}",EC:DMC:EMC:DEC:LiPF6,102:100:86:25:15,LiPF6,298,298.15,viscosity,2.61,cP,,"ByteFF-Pol Nature Communications 2026, Source Data Figure 4_ab",npt_eq+nvt_prod,400000,2000000,1000,0.5,1.0,1.0,"101,102,103",/home/changjh/MD_projects/PhyNEO-Electrolyte/examples/md_simulation/phyneo_hmtff_admp.xml,"transport comparison uses the provisional Green-Kubo reporter; duration is 1/5 of the previous 1 ns + 5 ns plan: 0.2 ns equilibration and 1.0 ns production at 0.5 fs. equilibration is NPT at 1 bar; density production stays NPT, viscosity and conductivity switch to NVT from the saved state",nvt,400000,200,1000,merged-short-range,npt,nvt
BF-109EC-107DMC-92EMC-27DEC-8Li-8PF6,artifacts/exp_systems/BF-109EC-107DMC-92EMC-27DEC-8Li-8PF6.pdb,4304,37.787,1.0224,"{""DEC"": 27, ""DMC"": 107, ""EC"": 109, ""EMC"": 92, ""Li"": 8, ""PF6"": 8}",EC:DMC:EMC:DEC:LiPF6,109:107:92:27:8,LiPF6,298,298.15,viscosity,2.493,cP,,"ByteFF-Pol Nature Communications 2026, Source Data Figure 4_ab",npt_eq+nvt_prod,400000,2000000,1000,0.5,1.0,1.0,"101,102,103",/home/changjh/MD_projects/PhyNEO-Electrolyte/examples/md_simulation/phyneo_hmtff_admp.xml,"transport comparison uses the provisional Green-Kubo reporter; duration is 1/5 of the previous 1 ns + 5 ns plan: 0.2 ns equilibration and 1.0 ns production at 0.5 fs. equilibration is NPT at 1 bar; density production stays NPT, viscosity and conductivity switch to NVT from the saved state",nvt,400000,200,1000,merged-short-range,npt,nvt
BF-97EC-95DMC-82EMC-24DEC-43Li-43PF6,artifacts/exp_systems/BF-97EC-95DMC-82EMC-24DEC-43Li-43PF6.pdb,4116,37.156,1.1331,"{""DEC"": 24, ""DMC"": 95, ""EC"": 97, ""EMC"": 82, ""Li"": 43, ""PF6"": 43}",EC:DMC:EMC:DEC:LiPF6,97:95:82:24:43,LiPF6,298,298.15,viscosity,5.912,cP,,"ByteFF-Pol Nature Communications 2026, Source Data Figure 4_ab",npt_eq+nvt_prod,400000,2000000,1000,0.5,1.0,1.0,"101,102,103",/home/changjh/MD_projects/PhyNEO-Electrolyte/examples/md_simulation/phyneo_hmtff_admp.xml,"transport comparison uses the provisional Green-Kubo reporter; duration is 1/5 of the previous 1 ns + 5 ns plan: 0.2 ns equilibration and 1.0 ns production at 0.5 fs. equilibration is NPT at 1 bar; density production stays NPT, viscosity and conductivity switch to NVT from the saved state",nvt,400000,200,1000,merged-short-range,npt,nvt
BF-204EC-184DMC-18EMC-41Li-41PF6,artifacts/exp_systems/BF-204EC-184DMC-18EMC-41Li-41PF6.pdb,4846,39.261,1.1700000000000002,"{""DMC"": 184, ""EC"": 204, ""EMC"": 18, ""Li"": 41, ""PF6"": 41}",EC:DMC:EMC:LiPF6,204:184:18:41,LiPF6,298,298.15,viscosity,4.338,cP,,"ByteFF-Pol Nature Communications 2026, Source Data Figure 4_ab",npt_eq+nvt_prod,400000,2000000,1000,0.5,1.0,1.0,"101,102,103",/home/changjh/MD_projects/PhyNEO-Electrolyte/examples/md_simulation/phyneo_hmtff_admp.xml,"transport comparison uses the provisional Green-Kubo reporter; duration is 1/5 of the previous 1 ns + 5 ns plan: 0.2 ns equilibration and 1.0 ns production at 0.5 fs. equilibration is NPT at 1 bar; density production stays NPT, viscosity and conductivity switch to NVT from the saved state",nvt,400000,200,1000,merged-short-range,npt,nvt
BF-10EC-10DMC-2LiFSI,artifacts/exp_systems/BF-10EC-10DMC-2LiFSI.pdb,4800,39.609,1.1520000000000001,"{""DMC"": 200, ""EC"": 200, ""FSI"": 40, ""Li"": 40}",EC:DMC:LiFSI,10:10:2,LiFSI,298,298.15,viscosity,3.4,cP,,"ByteFF-Pol Nature Communications 2026, Source Data Figure 4_ab",npt_eq+nvt_prod,400000,2000000,1000,0.5,1.0,1.0,"101,102,103",/home/changjh/MD_projects/PhyNEO-Electrolyte/examples/md_simulation/phyneo_hmtff_admp.xml,"transport comparison uses the provisional Green-Kubo reporter; duration is 1/5 of the previous 1 ns + 5 ns plan: 0.2 ns equilibration and 1.0 ns production at 0.5 fs. equilibration is NPT at 1 bar; density production stays NPT, viscosity and conductivity switch to NVT from the saved state",nvt,400000,200,1000,merged-short-range,npt,nvt
BF-115EC-115DMC-10Li-10FSI,artifacts/exp_systems/BF-115EC-115DMC-10Li-10FSI.pdb,2630,32.161,1.116,"{""DMC"": 115, ""EC"": 115, ""FSI"": 10, ""Li"": 10}",EC:DMC:LiFSI,23:23:2,LiFSI,298,298.15,viscosity,1.9,cP,,"ByteFF-Pol Nature Communications 2026, Source Data Figure 4_ab",npt_eq+nvt_prod,400000,2000000,1000,0.5,1.0,1.0,"101,102,103",/home/changjh/MD_projects/PhyNEO-Electrolyte/examples/md_simulation/phyneo_hmtff_admp.xml,"transport comparison uses the provisional Green-Kubo reporter; duration is 1/5 of the previous 1 ns + 5 ns plan: 0.2 ns equilibration and 1.0 ns production at 0.5 fs. equilibration is NPT at 1 bar; density production stays NPT, viscosity and conductivity switch to NVT from the saved state",nvt,400000,200,1000,merged-short-range,npt,nvt
BF-3EC-3DMC-2LiFSI,artifacts/exp_systems/BF-3EC-3DMC-2LiFSI.pdb,3440,36.060,1.287,"{""DMC"": 120, ""EC"": 120, ""FSI"": 80, ""Li"": 80}",EC:DMC:LiFSI,3:3:2,LiFSI,298,298.15,viscosity,36.9,cP,,"ByteFF-Pol Nature Communications 2026, Source Data Figure 4_ab",npt_eq+nvt_prod,400000,2000000,1000,0.5,1.0,1.0,"101,102,103",/home/changjh/MD_projects/PhyNEO-Electrolyte/examples/md_simulation/phyneo_hmtff_admp.xml,"transport comparison uses the provisional Green-Kubo reporter; duration is 1/5 of the previous 1 ns + 5 ns plan: 0.2 ns equilibration and 1.0 ns production at 0.5 fs. equilibration is NPT at 1 bar; density production stays NPT, viscosity and conductivity switch to NVT from the saved state",nvt,400000,200,1000,merged-short-range,npt,nvt
BF-5EC-5DMC-2LiFSI,artifacts/exp_systems/BF-5EC-5DMC-2LiFSI.pdb,2600,32.497,1.2240000000000002,"{""DMC"": 100, ""EC"": 100, ""FSI"": 40, ""Li"": 40}",EC:DMC:LiFSI,5:5:2,LiFSI,298,298.15,viscosity,9.8,cP,,"ByteFF-Pol Nature Communications 2026, Source Data Figure 4_ab",npt_eq+nvt_prod,400000,2000000,1000,0.5,1.0,1.0,"101,102,103",/home/changjh/MD_projects/PhyNEO-Electrolyte/examples/md_simulation/phyneo_hmtff_admp.xml,"transport comparison uses the provisional Green-Kubo reporter; duration is 1/5 of the previous 1 ns + 5 ns plan: 0.2 ns equilibration and 1.0 ns production at 0.5 fs. equilibration is NPT at 1 bar; density production stays NPT, viscosity and conductivity switch to NVT from the saved state",nvt,400000,200,1000,merged-short-range,npt,nvt
BF-13EC-13DMC-2LiPF6,artifacts/exp_systems/BF-13EC-13DMC-2LiPF6.pdb,6040,42.604,1.125,"{""DMC"": 260, ""EC"": 260, ""Li"": 40, ""PF6"": 40}",EC:DMC:LiPF6,13:13:2,LiPF6,298,298.15,viscosity,2.88,cP,,"ByteFF-Pol Nature Communications 2026, Source Data Figure 4_ab",npt_eq+nvt_prod,400000,2000000,1000,0.5,1.0,1.0,"101,102,103",/home/changjh/MD_projects/PhyNEO-Electrolyte/examples/md_simulation/phyneo_hmtff_admp.xml,"transport comparison uses the provisional Green-Kubo reporter; duration is 1/5 of the previous 1 ns + 5 ns plan: 0.2 ns equilibration and 1.0 ns production at 0.5 fs. equilibration is NPT at 1 bar; density production stays NPT, viscosity and conductivity switch to NVT from the saved state",nvt,400000,200,1000,merged-short-range,npt,nvt
BF-170EC-166DMC-15LiPF6,artifacts/exp_systems/BF-170EC-166DMC-15LiPF6.pdb,3812,36.370,1.1115000000000002,"{""DMC"": 166, ""EC"": 170, ""Li"": 15, ""PF6"": 15}",EC:DMC:LiPF6,170:166:15,LiPF6,298,298.15,viscosity,2.219,cP,,"ByteFF-Pol Nature Communications 2026, Source Data Figure 4_ab",npt_eq+nvt_prod,400000,2000000,1000,0.5,1.0,1.0,"101,102,103",/home/changjh/MD_projects/PhyNEO-Electrolyte/examples/md_simulation/phyneo_hmtff_admp.xml,"transport comparison uses the provisional Green-Kubo reporter; duration is 1/5 of the previous 1 ns + 5 ns plan: 0.2 ns equilibration and 1.0 ns production at 0.5 fs. equilibration is NPT at 1 bar; density production stays NPT, viscosity and conductivity switch to NVT from the saved state",nvt,400000,200,1000,merged-short-range,npt,nvt
BF-13EC-13DMC-2LiTFSI,artifacts/exp_systems/BF-13EC-13DMC-2LiTFSI.pdb,6360,43.451,1.1700000000000002,"{""DMC"": 260, ""EC"": 260, ""Li"": 40, ""TFSI"": 40}",EC:DMC:LiTFSI,13:13:2,LiTFSI,298,298.15,viscosity,3.02,cP,,"ByteFF-Pol Nature Communications 2026, Source Data Figure 4_ab",npt_eq+nvt_prod,400000,2000000,1000,0.5,1.0,1.0,"101,102,103",/home/changjh/MD_projects/PhyNEO-Electrolyte/examples/md_simulation/phyneo_hmtff_admp.xml,"transport comparison uses the provisional Green-Kubo reporter; duration is 1/5 of the previous 1 ns + 5 ns plan: 0.2 ns equilibration and 1.0 ns production at 0.5 fs. equilibration is NPT at 1 bar; density production stays NPT, viscosity and conductivity switch to NVT from the saved state",nvt,400000,200,1000,merged-short-range,npt,nvt
BF-200EC-20Li-20FSI,artifacts/exp_systems/BF-200EC-20Li-20FSI.pdb,2200,30.203,1.287,"{""EC"": 200, ""FSI"": 20, ""Li"": 20}",EC:LiFSI,10:1,LiFSI,298,298.15,viscosity,8.1,cP,,"ByteFF-Pol Nature Communications 2026, Source Data Figure 4_ab",npt_eq+nvt_prod,400000,2000000,1000,0.5,1.0,1.0,"101,102,103",/home/changjh/MD_projects/PhyNEO-Electrolyte/examples/md_simulation/phyneo_hmtff_admp.xml,"transport comparison uses the provisional Green-Kubo reporter; duration is 1/5 of the previous 1 ns + 5 ns plan: 0.2 ns equilibration and 1.0 ns production at 0.5 fs. equilibration is NPT at 1 bar; density production stays NPT, viscosity and conductivity switch to NVT from the saved state",nvt,400000,200,1000,merged-short-range,npt,nvt
BF-23EC-1LiFSI,artifacts/exp_systems/BF-23EC-1LiFSI.pdb,4800,39.155,1.2240000000000002,"{""EC"": 460, ""FSI"": 20, ""Li"": 20}",EC:LiFSI,23:1,LiFSI,298,298.15,viscosity,4.1,cP,,"ByteFF-Pol Nature Communications 2026, Source Data Figure 4_ab",npt_eq+nvt_prod,400000,2000000,1000,0.5,1.0,1.0,"101,102,103",/home/changjh/MD_projects/PhyNEO-Electrolyte/examples/md_simulation/phyneo_hmtff_admp.xml,"transport comparison uses the provisional Green-Kubo reporter; duration is 1/5 of the previous 1 ns + 5 ns plan: 0.2 ns equilibration and 1.0 ns production at 0.5 fs. equilibration is NPT at 1 bar; density production stays NPT, viscosity and conductivity switch to NVT from the saved state",nvt,400000,200,1000,merged-short-range,npt,nvt
BF-185EC-37Li-37FSI,artifacts/exp_systems/BF-185EC-37Li-37FSI.pdb,2220,30.564,1.35,"{""EC"": 185, ""FSI"": 37, ""Li"": 37}",EC:LiFSI,5:1,LiFSI,298,298.15,viscosity,33.1,cP,,"ByteFF-Pol Nature Communications 2026, Source Data Figure 4_ab",npt_eq+nvt_prod,400000,2000000,1000,0.5,1.0,1.0,"101,102,103",/home/changjh/MD_projects/PhyNEO-Electrolyte/examples/md_simulation/phyneo_hmtff_admp.xml,"transport comparison uses the provisional Green-Kubo reporter; duration is 1/5 of the previous 1 ns + 5 ns plan: 0.2 ns equilibration and 1.0 ns production at 0.5 fs. equilibration is NPT at 1 bar; density production stays NPT, viscosity and conductivity switch to NVT from the saved state",nvt,400000,200,1000,merged-short-range,npt,nvt
